"inicio";"fin";"humidity (sanpedro 004)";"std";"min";"max";"temp_dry (sanpedro 004)";"std";"min";"max";"temp_wet (sanpedro 004)";"std";"min";"max"
"2013-03-01 00:00:00";"2013-03-01 06:08:59";98.80992;0.91194;97;101;11.81488;0.14919;11.6;12.1;11.76446;0.15204;11.5;12
"2013-03-01 06:08:59";"2013-03-01 12:17:59";80.70079;13.24991;62;100;17.65827;4.72628;9.8;24.4;15.14331;2.87987;9.7;19.1
"2013-03-01 12:17:59";"2013-03-01 18:26:59";81.22167;6.30623;68;94;19.14002;2.1251;15.3;24.1;16.80936;1.31928;14.3;19.8
"2013-03-01 18:26:59";"2013-03-02 00:35:59";;;;;;;;;;;;
"2013-03-02 00:35:59";"2013-03-02 06:44:59";;;;;;;;;;;;
"2013-03-02 06:44:59";"2013-03-02 12:53:59";;;;;;;;;;;;
"2013-03-02 12:53:59";"2013-03-02 19:02:59";;;;;;;;;;;;
"2013-03-02 19:02:59";"2013-03-03 01:11:59";;;;;;;;;;;;
"2013-03-03 01:11:59";"2013-03-03 07:20:58";;;;;;;;;;;;
"2013-03-03 07:20:58";"2013-03-03 13:29:58";;;;;;;;;;;;
"2013-03-03 13:29:58";"2013-03-03 19:38:58";;;;;;;;;;;;
"2013-03-03 19:38:58";"2013-03-04 01:47:58";;;;;;;;;;;;
"2013-03-04 01:47:58";"2013-03-04 07:56:58";;;;;;;;;;;;
"2013-03-04 07:56:58";"2013-03-04 14:05:58";;;;;;;;;;;;
"2013-03-04 14:05:58";"2013-03-04 20:14:58";;;;;;;;;;;;
"2013-03-04 20:14:58";"2013-03-05 02:23:58";;;;;;;;;;;;
"2013-03-05 02:23:58";"2013-03-05 08:32:57";;;;;;;;;;;;
"2013-03-05 08:32:57";"2013-03-05 14:41:57";78.47059;2.08968;74;83;20.27059;0.92911;19;22.1;17.53529;0.70539;16.3;18.9
"2013-03-05 14:41:57";"2013-03-05 20:50:57";81.93243;4.31318;74;94;20.92162;2.41618;16.1;26.2;18.62432;1.99647;15.5;23.1
"2013-03-05 20:50:57";"2013-03-06 02:59:57";98.51389;1.19016;94;100;13.51528;0.72239;12.4;15.9;13.38194;0.63821;12.4;15.3
"2013-03-06 02:59:57";"2013-03-06 09:08:57";98.35135;0.82907;97;100;11.83919;0.53469;10.8;12.7;11.74324;0.52584;10.7;12.6
"2013-03-06 09:08:57";"2013-03-06 15:17:57";80.24658;10.76369;61;98;18.98767;5.1067;10.7;26.5;16.39452;3.71767;10.4;22.6
"2013-03-06 15:17:57";"2013-03-06 21:26:57";80.83562;8.35187;70;97;21.44247;2.90804;15;26.8;18.88904;1.79303;14.6;22.6
"2013-03-06 21:26:57";"2013-03-07 03:35:57";99.2027;0.92969;97;101;12.41081;0.93888;11.2;15;12.37432;0.906;11.1;14.7
"2013-03-07 03:35:57";"2013-03-07 09:44:56";98.5;0.80957;97;100;11.43919;0.30836;10.8;12;11.35541;0.29553;10.8;11.9
"2013-03-07 09:44:56";"2013-03-07 15:53:56";75.31507;10.30345;61;98;21.98767;5.21026;12.1;28.3;18.53151;3.90324;11.9;23.8
"2013-03-07 15:53:56";"2013-03-07 22:02:56";86.2027;9.22245;70;100;21.21757;4.30488;14.1;29.1;19.3527;3.0539;14;24.6
"2013-03-07 22:02:56";"2013-03-08 04:11:56";98.71622;0.9935;97;101;11.81081;0.8633;10.6;14;11.72432;0.83339;10.6;13.9
"2013-03-08 04:11:56";"2013-03-08 10:20:56";98.02703;1.09016;96;100;8.89459;0.93229;7.3;10.8;8.77568;0.93228;7.2;10.7
"2013-03-08 10:20:56";"2013-03-08 16:29:56";74.34247;5.94085;62;96;21.44795;2.54914;11.4;25.9;18.03699;1.96862;11.1;22
"2013-03-08 16:29:56";"2013-03-08 22:38:56";82.68493;7.81967;72;100;18.7411;3.62525;12.3;24.4;16.56986;2.52997;12.1;20.5
"2013-03-08 22:38:56";"2013-03-09 04:47:56";99.31081;0.94334;97;101;11.01351;0.31765;10.6;12.1;10.97838;0.33137;10.5;12.1
"2013-03-09 04:47:56";"2013-03-09 10:56:55";98.21622;1.77269;93;101;9.97432;0.97483;8.8;12.6;9.84865;0.87769;8.7;12
"2013-03-09 10:56:55";"2013-03-09 17:05:55";81.37838;5.61057;70;94;18.36757;2.22541;12.8;22.1;16.1027;1.55337;12.1;18.7
"2013-03-09 17:05:55";"2013-03-09 23:14:55";89.64615;6.94911;79;101;16.08308;3.13695;10.7;19.8;14.89846;2.34189;10.6;18.2
"2013-03-09 23:14:55";"2013-03-10 05:23:55";;;;;;;;;;;;
"2013-03-10 05:23:55";"2013-03-10 11:32:55";;;;;;;;;;;;
"2013-03-10 11:32:55";"2013-03-10 17:41:55";;;;;;;;;;;;
"2013-03-10 17:41:55";"2013-03-10 23:50:55";;;;;;;;;;;;
"2013-03-10 23:50:55";"2013-03-11 05:59:55";;;;;;;;;;;;
"2013-03-11 05:59:55";"2013-03-11 12:08:54";;;;;;;;;;;;
"2013-03-11 12:08:54";"2013-03-11 18:17:54";79.33333;1.69967;77;81;23.4;0.21602;23.2;23.7;20.63333;0.04714;20.6;20.7
"2013-03-11 18:17:54";"2013-03-12 00:26:54";94.14706;5.21667;79;102;14.61471;3.26768;10.7;22.6;13.97353;2.67832;10.6;20.3
"2013-03-12 00:26:54";"2013-03-12 06:35:54";;;;;;;;;;;;
"2013-03-12 06:35:54";"2013-03-12 12:44:54";69.13333;1.40791;67;72;22.84667;1.07881;21.2;25;18.57333;0.96365;17.3;20.5
"2013-03-12 12:44:54";"2013-03-12 18:53:54";83.59459;7.58897;65;97;20.09865;2.78754;15.6;27.1;18;1.69602;15.2;22
"2013-03-12 18:53:54";"2013-03-13 01:02:54";95.50685;5.57913;86;101;14.04247;2.39027;11.5;19.2;13.58493;1.79258;11.5;17.5
"2013-03-13 01:02:54";"2013-03-13 07:11:54";99.08;1.05527;97;100;10.80933;1.12465;8.2;12.2;10.76533;1.15487;8;12.2
"2013-03-13 07:11:54";"2013-03-13 13:20:53";90.04167;12.87055;59;101;12.61528;5.17692;7.3;23.7;11.38889;3.53186;7.2;18.5
"2013-03-13 13:20:53";"2013-03-13 19:29:53";82.90698;9.44461;67;101;20.79186;3.35297;13.3;26.1;18.53256;2.18241;13.4;22.1
"2013-03-13 19:29:53";"2013-03-14 01:38:53";100.07143;0.83361;98;102;11.23143;0.66387;10.4;13.2;11.27143;0.66872;10.4;13.2
"2013-03-14 01:38:53";"2013-03-14 07:47:53";96.21333;7.24117;70;101;9.86667;2.47054;7.2;18.4;9.508;1.82915;7.2;14.9
"2013-03-14 07:47:53";"2013-03-14 13:56:53";75.24324;8.27371;59;90;22.93919;2.39017;18.5;27.2;19.51892;1.58427;15.5;22.9
"2013-03-14 13:56:53";"2013-03-14 20:05:53";84.64815;6.80184;76;100;21.22593;3.06523;14.5;25.7;19.22407;2.11931;14.5;22.3
"2013-03-14 20:05:53";"2013-03-15 02:14:53";;;;;;;;;;;;
"2013-03-15 02:14:53";"2013-03-15 08:23:53";;;;;;;;;;;;
"2013-03-15 08:23:53";"2013-03-15 14:32:52";86.42857;3.18585;80;91;16.36429;0.7662;15.5;18.2;14.84524;0.4594;14.2;15.9
"2013-03-15 14:32:52";"2013-03-15 20:41:52";92.83562;4.80015;80;100;14.46164;2.22591;10.8;20.5;13.70411;1.68657;10.7;18
"2013-03-15 20:41:52";"2013-03-16 02:50:52";97.84615;0.76923;97;100;10.4;0.23205;10.1;10.8;10.26923;0.21974;10;10.7
"2013-03-16 02:50:52";"2013-03-16 08:59:52";;;;;;;;;;;;
"2013-03-16 08:59:52";"2013-03-16 15:08:52";;;;;;;;;;;;
"2013-03-16 15:08:52";"2013-03-16 21:17:52";;;;;;;;;;;;
"2013-03-16 21:17:52";"2013-03-17 03:26:52";;;;;;;;;;;;
"2013-03-17 03:26:52";"2013-03-17 09:35:52";;;;;;;;;;;;
"2013-03-17 09:35:52";"2013-03-17 15:44:51";;;;;;;;;;;;
"2013-03-17 15:44:51";"2013-03-17 21:53:51";;;;;;;;;;;;
"2013-03-17 21:53:51";"2013-03-18 04:02:51";;;;;;;;;;;;
"2013-03-18 04:02:51";"2013-03-18 10:11:51";69.5;4.45814;63;78;22.49375;1.76935;19.8;25.3;18.2875;1.12131;16.6;20.4
"2013-03-18 10:11:51";"2013-03-18 16:20:51";80.32432;10.27869;58;99;21.38919;3.46592;15.4;27.8;18.71486;1.9869;15.2;22
"2013-03-18 16:20:51";"2013-03-18 22:29:51";95.87143;3.95663;79;99;14.27714;1.76645;12.6;20.5;13.85;1.31733;12.5;17.9
"2013-03-18 22:29:51";"2013-03-19 04:38:51";98.56164;0.59648;97;100;12.79726;0.25318;12.2;13.1;12.67945;0.25747;12.1;13
"2013-03-19 04:38:51";"2013-03-19 10:47:51";84.87838;13.53469;62;100;16.89054;4.43704;11.9;25.2;14.92838;2.60548;11.8;19.5
"2013-03-19 10:47:51";"2013-03-19 16:56:50";83.28378;8.36421;68;95;20.18108;3.60486;15.1;27.5;18.01216;2.39238;14.4;23.3
"2013-03-19 16:56:50";"2013-03-19 23:05:50";97.5;3.76775;84;101;12.90541;2.10302;10.6;19.4;12.65541;1.7178;10.4;17.8
"2013-03-19 23:05:50";"2013-03-20 05:14:50";98.69863;1.00253;97;100;10.48356;0.46641;9.7;11.4;10.4137;0.46679;9.6;11.3
"2013-03-20 05:14:50";"2013-03-20 11:23:50";83.35135;11.2291;62;100;16.82973;4.8835;9.8;25.4;14.74054;3.40417;9.7;20.2
"2013-03-20 11:23:50";"2013-03-20 17:32:50";79.83784;7.83621;66;92;23.22027;3.47372;17.9;31.2;20.42838;2.25248;17;25.8
"2013-03-20 17:32:50";"2013-03-20 23:41:50";97.90541;1.61219;92;100;13.25676;1.81793;10.5;17.7;13.06622;1.73231;10.5;16.8
"2013-03-20 23:41:50";"2013-03-21 05:50:50";98.83333;0.7533;98;100;11.35952;0.32001;10.6;11.8;11.29048;0.31457;10.5;11.7
"2013-03-21 05:50:50";"2013-03-21 11:59:50";75.43103;8.19191;64;97;22.05172;3.48491;12.9;28.9;18.68276;2.34375;12.5;23.4
"2013-03-21 11:59:50";"2013-03-21 18:08:49";86.11111;7.93122;68;97;19.14167;3.982;13.8;28.3;17.38472;2.79228;13.3;24.1
"2013-03-21 18:08:49";"2013-03-22 00:17:49";98.16216;0.87034;96;100;12.55676;0.33975;11.9;13.6;12.40811;0.3191;11.7;13.3
"2013-03-22 00:17:49";"2013-03-22 06:26:49";97.91892;0.65258;97;99;12.09865;0.30022;11.5;12.5;11.94865;0.29328;11.3;12.4
"2013-03-22 06:26:49";"2013-03-22 12:35:49";80;10.60342;62;98;19.91351;4.74043;12;26.9;17.22838;3.1684;11.9;21.5
"2013-03-22 12:35:49";"2013-03-22 18:44:49";89.71233;7.25934;75;99;17.80959;3.35368;12.8;24.9;16.55342;2.3766;12.7;21.4
"2013-03-22 18:44:49";"2013-03-23 00:53:49";98.25;0.94519;97;100;11.31324;0.8694;10;12.9;11.18382;0.84638;9.9;12.7
"2013-03-23 00:53:49";"2013-03-23 07:02:49";97.91892;0.89679;97;100;9.01351;0.78831;8;10.1;8.89459;0.81537;7.8;10.1
"2013-03-23 07:02:49";"2013-03-23 13:11:49";84.83784;11.50209;66;99;14.98514;4.70884;9.4;23.2;13.15946;3.12794;9.2;19.4
"2013-03-23 13:11:49";"2013-03-23 19:20:48";87.2973;8.44174;68;100;17.95405;3.44121;11.8;22.4;16.4;2.49269;11.5;19.8
"2013-03-23 19:20:48";"2013-03-24 01:29:48";99.02941;0.92308;97;101;10.67059;1.05706;8.8;12.2;10.62206;1.06175;8.7;12.3
"2013-03-24 01:29:48";"2013-03-24 07:38:48";96.81081;5.38937;76;101;8.3;2.12463;6.3;15.9;8.02432;1.59516;6.2;13.2
"2013-03-24 07:38:48";"2013-03-24 13:47:48";72.77027;5.57394;63;85;21.58919;2.18289;16.1;27;17.9473;1.67188;13.3;21.8
"2013-03-24 13:47:48";"2013-03-24 19:56:48";91.93151;3.5782;81;97;16.69041;2.002;13.2;19.9;15.79041;1.61747;12.8;18.5
"2013-03-24 19:56:48";"2013-03-25 02:05:48";99.04;1.31088;96;101;10.42;1.37405;8.6;13.1;10.36;1.30792;8.5;12.8
"2013-03-25 02:05:48";"2013-03-25 08:14:48";94.35616;9.336;67;101;10.27945;3.88545;7.3;22;9.66027;2.72928;7.2;17.5
"2013-03-25 08:14:48";"2013-03-25 14:23:48";73.21622;6.24558;58;87;25.55811;1.88837;22;29.7;21.68514;1.91782;17;25.5
"2013-03-25 14:23:48";"2013-03-25 20:32:47";95.97297;5.18306;82;101;16.04865;3.04508;12.1;23;15.59324;2.44691;12.1;20.6
"2013-03-25 20:32:47";"2013-03-26 02:41:47";99.32432;0.93155;98;101;11.31892;0.94921;9.3;12.5;11.28378;0.95182;9.2;12.5
"2013-03-26 02:41:47";"2013-03-26 08:50:47";89.64384;14.17635;60;100;11.29589;5.93945;6.4;25.3;9.99315;3.96562;6.3;19.4
"2013-03-26 08:50:47";"2013-03-26 14:59:47";75.17808;4.47625;63;86;24.66027;1.68326;20.7;27.5;21.16438;1.42784;18.4;23.5
"2013-03-26 14:59:47";"2013-03-26 21:08:47";91.67568;8.63072;75;100;17.63649;4.55986;11.5;24.8;16.58243;3.44306;11.5;21.8
"2013-03-26 21:08:47";"2013-03-27 03:17:47";99.21622;1.19989;97;101;8.18649;1.69907;5.4;11.4;8.1527;1.71206;5.4;11.4
"2013-03-27 03:17:47";"2013-03-27 09:26:47";83.7973;17.46191;53;101;11.03243;7.82678;4.2;25.1;8.94595;5.34161;4;19.3
"2013-03-27 09:26:47";"2013-03-27 15:35:47";75.21622;4.15988;65;85;24.84459;1.61188;20.8;27.8;21.34189;1.30498;18.9;24.2
"2013-03-27 15:35:47";"2013-03-27 21:44:46";96.60274;4.12722;87;101;14.4274;2.68936;11.4;20.1;14.07671;2.27039;11.2;18.7
"2013-03-27 21:44:46";"2013-03-28 03:53:46";98.63889;1.10937;97;101;10.30972;0.84182;8.8;11.6;10.225;0.83546;8.7;11.6
"2013-03-28 03:53:46";"2013-03-28 10:02:46";85.82432;15.30179;62;101;15.02703;5.00436;10;25;13.2;2.98555;10;20.1
"2013-03-28 10:02:46";"2013-03-28 16:11:46";77.78378;6.09889;65;94;24.57432;2.27395;17.5;27.8;21.4473;1.64072;16.9;24.2
"2013-03-28 16:11:46";"2013-03-28 22:20:46";98.27397;1.88912;93;101;12.87397;1.8844;10.9;17;12.72877;1.72504;10.7;16.6
"2013-03-28 22:20:46";"2013-03-29 04:29:46";98.68493;1.10883;97;101;9.25753;1.40994;7.1;11.5;9.18767;1.42039;7;11.5
"2013-03-29 04:29:46";"2013-03-29 10:38:46";84.23188;13.54771;62;100;15.12464;6.73086;7;24.8;13.08406;4.89408;7;21
"2013-03-29 10:38:46";"2013-03-29 16:47:46";82.06757;5.16572;73;94;20.69054;1.88695;17.1;25.3;18.41216;1.38642;16;21.6
"2013-03-29 16:47:46";"2013-03-29 22:56:45";98.75676;1.88027;93;101;12.81216;1.86909;10.2;17.2;12.72027;1.71913;10.2;16.6
"2013-03-29 22:56:45";"2013-03-30 05:05:45";98.70833;1.11102;97;100;8.87778;0.51753;7.9;10;8.80833;0.53431;7.9;10
"2013-03-30 05:05:45";"2013-03-30 11:14:45";84.0411;10.77089;68;101;15.05068;4.67348;8;21.6;13.1411;3.28316;7.9;18.1
"2013-03-30 11:14:45";"2013-03-30 17:23:45";80.59459;4.56757;73;90;20.70946;1.58474;17.8;24.5;18.24054;1.03818;16.2;20.9
"2013-03-30 17:23:45";"2013-03-30 23:32:45";98.77027;3.80095;81;102;12.13378;2.03379;10.2;18.2;12.01486;1.6493;10.3;16.4
"2013-03-30 23:32:45";"2013-03-31 05:41:45";98.69863;0.80554;97;101;11.15068;0.66726;10;11.8;11.09863;0.69371;9.9;11.7
"2013-03-31 05:41:45";"2013-03-31 11:50:45";80.86667;10.08012;63;100;18.436;4.93117;10.1;26.7;15.97867;3.61822;10;23.1
"2013-03-31 11:50:45";"2013-03-31 17:59:45";81.0411;4.13617;71;94;20.33014;2.10236;15.6;25.3;17.93425;1.52578;14.9;21.4
"2013-03-31 17:59:45";"2013-04-01 00:08:44";99.37838;1.7607;92;101;10.07973;1.90929;7.6;15.4;10.04595;1.82588;7.6;14.9
"2013-04-01 00:08:44";"2013-04-01 06:17:44";99.37838;1.21592;97;101;7.42973;0.53366;6.7;8.7;7.40946;0.54231;6.6;8.7
"2013-04-01 06:17:44";"2013-04-01 12:26:44";75.14865;9.29208;60;98;21.13243;5.39216;7.3;26.8;17.74865;4.20592;7.2;22.8
"2013-04-01 12:26:44";"2013-04-01 18:35:44";78.09091;1.31111;75;80;22.63636;0.78367;21.7;24.6;19.72273;0.59919;18.9;21.3
"2013-04-01 18:35:44";"2013-04-02 00:44:44";100.01786;0.83433;98;102;12.1125;1.06512;10.3;13.6;12.15714;1.08337;10.3;13.7
"2013-04-02 00:44:44";"2013-04-02 06:53:44";;;;;;;;;;;;
"2013-04-02 06:53:44";"2013-04-02 13:02:44";;;;;;;;;;;;
"2013-04-02 13:02:44";"2013-04-02 19:11:44";;;;;;;;;;;;
"2013-04-02 19:11:44";"2013-04-03 01:20:43";;;;;;;;;;;;
"2013-04-03 01:20:43";"2013-04-03 07:29:43";;;;;;;;;;;;
"2013-04-03 07:29:43";"2013-04-03 13:38:43";;;;;;;;;;;;
"2013-04-03 13:38:43";"2013-04-03 19:47:43";;;;;;;;;;;;
"2013-04-03 19:47:43";"2013-04-04 01:56:43";;;;;;;;;;;;
"2013-04-04 01:56:43";"2013-04-04 08:05:43";;;;;;;;;;;;
"2013-04-04 08:05:43";"2013-04-04 14:14:43";;;;;;;;;;;;
"2013-04-04 14:14:43";"2013-04-04 20:23:43";;;;;;;;;;;;
"2013-04-04 20:23:43";"2013-04-05 02:32:42";;;;;;;;;;;;
"2013-04-05 02:32:42";"2013-04-05 08:41:42";75.09272;5.3899;66;85;19.0351;1.42221;16.8;21.5;15.91788;0.64951;15;17.1
"2013-04-05 08:41:42";"2013-04-05 14:50:42";72.64318;5.01852;61;86;25.80248;2.06044;20.3;29;21.83174;2.04741;16.5;24.5
"2013-04-05 14:50:42";"2013-04-05 20:59:42";88.50152;7.79491;77;102;19.60289;4.10593;12.4;25;18.13207;3.03654;12.4;22
"2013-04-05 20:59:42";"2013-04-06 03:08:42";98.81818;0.89508;97;100;12.53797;0.76641;11.2;13.5;12.45989;0.80097;11.1;13.4
"2013-04-06 03:08:42";"2013-04-06 09:17:42";74.99247;14.03938;57;100;19.7394;6.09133;9.6;28.9;16.25144;3.87529;9.5;22.1
"2013-04-06 09:17:42";"2013-04-06 15:26:42";73.85522;6.57588;63;92;26.79666;3.04046;19;31.8;22.89133;2.15175;18;26.2
"2013-04-06 15:26:42";"2013-04-06 21:35:42";92.68229;6.51772;78;101;18.06181;3.18266;13.2;23.6;17.1842;2.39628;13.2;20.7
"2013-04-06 21:35:42";"2013-04-07 03:44:41";98.62602;0.94049;97;101;11.19106;1.60965;8.5;13.8;11.10447;1.62394;8.5;13.8
"2013-04-07 03:44:41";"2013-04-07 09:53:41";70.13579;13.3979;52;101;21.2544;6.45311;7.8;28.6;16.95348;4.40666;7.7;22.9
"2013-04-07 09:53:41";"2013-04-07 16:02:41";76.5;4.6076;67;86;24.19825;2.7958;18.7;29.3;20.91344;2.12374;16.4;25.3
"2013-04-07 16:02:41";"2013-04-07 22:11:41";;;;;;;;;;;;
"2013-04-07 22:11:41";"2013-04-08 04:20:41";;;;;;;;;;;;
"2013-04-08 04:20:41";"2013-04-08 10:29:41";;;;;;;;;;;;
"2013-04-08 10:29:41";"2013-04-08 16:38:41";;;;;;;;;;;;
"2013-04-08 16:38:41";"2013-04-08 22:47:41";;;;;;;;;;;;
"2013-04-08 22:47:41";"2013-04-09 04:56:40";;;;;;;;;;;;
"2013-04-09 04:56:40";"2013-04-09 11:05:40";;;;;;;;;;;;
"2013-04-09 11:05:40";"2013-04-09 17:14:40";82.48127;5.81874;73;95;22.54467;1.86105;18.6;25.5;20.22363;1.10874;18;22.2
"2013-04-09 17:14:40";"2013-04-09 23:23:40";100.77596;1.69347;95;104;13.78142;1.90244;11.4;18.7;13.92568;1.9001;11.5;18.3
"2013-04-09 23:23:40";"2013-04-10 05:32:40";99.11644;1.17047;97;102;11.29281;0.81563;10;13.1;11.25582;0.83654;10;13.1
"2013-04-10 05:32:40";"2013-04-10 11:41:40";73.29167;8.7364;60;101;21.8475;4.70468;9.5;29.6;18.16069;3.51242;9.5;24.5
"2013-04-10 11:41:40";"2013-04-10 17:50:40";91.37942;8.30725;78;112;18.35707;1.63965;14.3;22.2;17.34084;1.21715;14.4;19.6
"2013-04-10 17:50:40";"2013-04-10 23:59:40";100.2945;0.9624;98;103;11.82718;1.20069;9.4;14.3;11.89806;1.23909;9.4;14.4
"2013-04-10 23:59:40";"2013-04-11 06:08:39";99.27586;1.1655;97;101;9.52414;0.61535;8.8;10.8;9.48966;0.60364;8.8;10.8
"2013-04-11 06:08:39";"2013-04-11 12:17:39";;;;;;;;;;;;
"2013-04-11 12:17:39";"2013-04-11 18:26:39";;;;;;;;;;;;
"2013-04-11 18:26:39";"2013-04-12 00:35:39";;;;;;;;;;;;
"2013-04-12 00:35:39";"2013-04-12 06:44:39";;;;;;;;;;;;
"2013-04-12 06:44:39";"2013-04-12 12:53:39";;;;;;;;;;;;
"2013-04-12 12:53:39";"2013-04-12 19:02:39";;;;;;;;;;;;
"2013-04-12 19:02:39";"2013-04-13 01:11:39";;;;;;;;;;;;
"2013-04-13 01:11:39";"2013-04-13 07:20:38";;;;;;;;;;;;
"2013-04-13 07:20:38";"2013-04-13 13:29:38";;;;;;;;;;;;
"2013-04-13 13:29:38";"2013-04-13 19:38:38";;;;;;;;;;;;
"2013-04-13 19:38:38";"2013-04-14 01:47:38";;;;;;;;;;;;
"2013-04-14 01:47:38";"2013-04-14 07:56:38";;;;;;;;;;;;
"2013-04-14 07:56:38";"2013-04-14 14:05:38";;;;;;;;;;;;
"2013-04-14 14:05:38";"2013-04-14 20:14:38";;;;;;;;;;;;
"2013-04-14 20:14:38";"2013-04-15 02:23:38";;;;;;;;;;;;
"2013-04-15 02:23:38";"2013-04-15 08:32:37";77.45324;5.11202;71;89;19.2518;2.26323;14.8;22.4;16.42158;1.49814;13.6;18.7
"2013-04-15 08:32:37";"2013-04-15 14:41:37";79.81058;8.56194;71;106;18.92006;1.53179;14.3;21.7;16.40864;0.6556;14.9;18.4
"2013-04-15 14:41:37";"2013-04-15 20:50:37";90.92254;6.19981;81;101;16.80775;2.2107;13.2;20.5;15.75827;1.54204;13;18.6
"2013-04-15 20:50:37";"2013-04-16 02:59:37";99.00382;0.89314;97;101;12.19008;0.53544;11;13.1;12.1229;0.50593;10.9;12.9
"2013-04-16 02:59:37";"2013-04-16 09:08:37";77.76202;13.34208;60;101;18.12466;5.09052;10.3;26.1;15.18113;3.1154;10.2;20.3
"2013-04-16 09:08:37";"2013-04-16 15:17:37";76.24575;5.32003;60;88;23.33779;1.77316;20.3;27.9;20.07877;1.23792;17.6;23.5
"2013-04-16 15:17:37";"2013-04-16 21:26:37";94.32857;6.7469;80;104;17.85446;3.78698;12.2;23.4;17.16893;2.9887;12.3;21
"2013-04-16 21:26:37";"2013-04-17 03:35:37";99.69145;0.91536;97;102;11.28922;1.56609;9;13.4;11.28959;1.58155;9;13.4
"2013-04-17 03:35:37";"2013-04-17 09:44:36";79.60089;12.47642;60;101;17.27572;5.18404;8.8;24.7;14.64501;3.43837;8.9;19.2
"2013-04-17 09:44:36";"2013-04-17 15:53:36";77.5348;5.18495;66;89;23.93195;2.41986;19.7;30.6;20.82424;1.87364;16.2;25.3
"2013-04-17 15:53:36";"2013-04-17 22:02:36";97.66435;4.13609;81;102;15.74537;2.72805;12.8;21.9;15.51667;2.37902;12.7;20.3
"2013-04-17 22:02:36";"2013-04-18 04:11:36";99.10246;0.82591;97;101;12.51967;0.38786;11.9;13.3;12.47295;0.40072;11.8;13.2
"2013-04-18 04:11:36";"2013-04-18 10:20:36";79.04018;10.07353;68;100;18.6875;3.19755;11.7;21.6;16.02054;1.95652;11.6;17.7
"2013-04-18 10:20:36";"2013-04-18 16:29:36";82.60572;4.64306;73;97;23.34854;1.75152;19.1;27;21.04169;1.7842;17.2;24.6
"2013-04-18 16:29:36";"2013-04-18 22:38:36";99.44304;0.8678;95;101;14.99595;1.90953;12.2;19.5;14.96937;1.86125;12.1;19
"2013-04-18 22:38:36";"2013-04-19 04:47:36";98.85448;0.92906;97;101;12.07649;0.44781;11.4;12.8;12.01418;0.45771;11.3;12.7
"2013-04-19 04:47:36";"2013-04-19 10:56:35";76.0069;6.92372;68;100;18.29448;2.20594;11.4;20.8;15.32069;1.27711;11.3;16.6
"2013-04-19 10:56:35";"2013-04-19 17:05:35";99.375;0.56366;98;100;15.07292;0.22522;14.8;15.7;15.06042;0.1879;14.9;15.6
"2013-04-19 17:05:35";"2013-04-19 23:14:35";99.7193;0.8451;98;102;13.15088;0.58163;12.5;15;13.18807;0.62503;12.5;15.1
"2013-04-19 23:14:35";"2013-04-20 05:23:35";99.16906;0.91952;97;101;11.84029;0.41086;11.3;12.8;11.79604;0.41814;11.3;12.7
"2013-04-20 05:23:35";"2013-04-20 11:32:35";83.04077;10.71993;66;101;16.83141;3.78165;11.3;23.4;14.73813;2.29685;11.3;19.1
"2013-04-20 11:32:35";"2013-04-20 17:41:35";;;;;;;;;;;;
"2013-04-20 17:41:35";"2013-04-20 23:50:35";;;;;;;;;;;;
"2013-04-20 23:50:35";"2013-04-21 05:59:35";;;;;;;;;;;;
"2013-04-21 05:59:35";"2013-04-21 12:08:34";;;;;;;;;;;;
"2013-04-21 12:08:34";"2013-04-21 18:17:34";;;;;;;;;;;;
"2013-04-21 18:17:34";"2013-04-22 00:26:34";;;;;;;;;;;;
"2013-04-22 00:26:34";"2013-04-22 06:35:34";;;;;;;;;;;;
"2013-04-22 06:35:34";"2013-04-22 12:44:34";81.47117;5.57738;67;95;21.98284;2.44525;18.4;26.1;19.54487;1.74225;17;22.7
"2013-04-22 12:44:34";"2013-04-22 18:53:34";91.65341;4.77199;82;104;18.5625;1.77667;13.3;21.5;17.5947;1.27999;13.5;19.6
"2013-04-22 18:53:34";"2013-04-23 01:02:34";101.38222;1.05647;100;105;11.33289;0.78065;10.4;13.4;11.50489;0.84397;10.5;13.5
"2013-04-23 01:02:34";"2013-04-23 07:11:34";98.61024;2.37143;92;102;11.28386;0.93199;9.9;13.9;11.1689;0.73588;10;13.1
"2013-04-23 07:11:34";"2013-04-23 13:20:33";77.72208;9.10111;62;102;20.66892;2.60762;14;25.4;17.76064;2.10127;13.1;21.8
"2013-04-23 13:20:33";"2013-04-23 19:29:33";70.68619;10.42817;59;95;19.68347;2.6211;13;22.1;15.81182;1.1584;12.2;17.5
"2013-04-23 19:29:33";"2013-04-24 01:38:33";97.08108;1.90842;92;101;11.87793;0.57289;11;13;11.62117;0.40786;10.9;12.3
"2013-04-24 01:38:33";"2013-04-24 07:47:33";98.48333;1.0407;97;100;10.10167;0.58807;9.2;11.1;10.02333;0.60121;9.1;11
"2013-04-24 07:47:33";"2013-04-24 13:56:33";;;;;;;;;;;;
"2013-04-24 13:56:33";"2013-04-24 20:05:33";;;;;;;;;;;;
"2013-04-24 20:05:33";"2013-04-25 02:14:33";;;;;;;;;;;;
"2013-04-25 02:14:33";"2013-04-25 08:23:33";;;;;;;;;;;;
"2013-04-25 08:23:33";"2013-04-25 14:32:32";;;;;;;;;;;;
"2013-04-25 14:32:32";"2013-04-25 20:41:32";;;;;;;;;;;;
"2013-04-25 20:41:32";"2013-04-26 02:50:32";;;;;;;;;;;;
"2013-04-26 02:50:32";"2013-04-26 08:59:32";;;;;;;;;;;;
"2013-04-26 08:59:32";"2013-04-26 15:08:32";74.08005;4.84467;60;83;24.84876;1.60338;19.9;27.7;21.17065;1.52136;17;23.9
"2013-04-26 15:08:32";"2013-04-26 21:17:32";87.62848;8.13212;74;100;20.10402;3.62589;13.8;24.7;18.49876;2.55293;13.6;22
"2013-04-26 21:17:32";"2013-04-27 03:26:32";97.51765;3.46957;87;103;10.72206;1.75558;7.8;13.9;10.50676;1.58418;7.9;13.7
"2013-04-27 03:26:32";"2013-04-27 09:35:32";74.49045;12.25396;59;98;17.14372;6.14719;7.9;25.8;13.83829;4.27544;7.7;20.7
"2013-04-27 09:35:32";"2013-04-27 15:44:31";77.12583;5.46688;62;90;24.37517;1.97219;0;28.1;21.18998;1.3656;17.6;23.5
"2013-04-27 15:44:31";"2013-04-27 21:53:31";96.16411;4.55856;84;102;15.15864;2.97302;11.4;20;14.75624;2.50537;11.5;18.8
"2013-04-27 21:53:31";"2013-04-28 04:02:31";98.06222;0.96868;96;100;11.59067;0.42369;10.7;12.2;11.44889;0.38449;10.7;12
"2013-04-28 04:02:31";"2013-04-28 10:11:31";74.23395;10.65008;60;101;19.23775;3.71193;10.3;26.2;15.86444;2.34623;10.3;20.3
"2013-04-28 10:11:31";"2013-04-28 16:20:31";76.17296;3.13671;66;84;24.47459;1.54671;20.5;27.2;21.15408;1.42293;18.1;23.6
"2013-04-28 16:20:31";"2013-04-28 22:29:31";95.20562;7.05227;78;102;15.75888;4.18743;10.4;24.1;15.18471;3.33983;10.5;21.3
"2013-04-28 22:29:31";"2013-04-29 04:38:31";98.75652;0.92869;97;101;11.60826;0.3521;10.6;12.2;11.55174;0.32992;10.7;12.1
"2013-04-29 04:38:31";"2013-04-29 10:47:31";77.27948;10.70549;62;101;18.81965;3.45192;11.5;24.1;15.88734;1.97015;11.6;18.9
"2013-04-29 10:47:31";"2013-04-29 16:56:30";80.37467;7.80653;66;97;20.60914;2.64289;15.5;26.8;18.05385;1.55559;15.1;22.1
"2013-04-29 16:56:30";"2013-04-29 23:05:30";98.66551;0.97332;95;101;13.35714;0.78679;12.4;15.7;13.2554;0.71507;12.3;15.4
"2013-04-29 23:05:30";"2013-04-30 05:14:30";99.06486;0.80277;97;101;12.05243;0.28209;11.6;12.6;11.99946;0.27302;11.6;12.5
"2013-04-30 05:14:30";"2013-04-30 11:23:30";;;;;;;;;;;;
"2013-04-30 11:23:30";"2013-04-30 17:32:30";;;;;;;;;;;;
"2013-04-30 17:32:30";"2013-04-30 23:41:30";;;;;;;;;;;;
"2013-04-30 23:41:30";"2013-05-01 05:50:30";;;;;;;;;;;;
"2013-05-01 05:50:30";"2013-05-01 11:59:30";;;;;;;;;;;;
"2013-05-01 11:59:30";"2013-05-01 18:08:29";;;;;;;;;;;;
"2013-05-01 18:08:29";"2013-05-02 00:17:29";;;;;;;;;;;;
"2013-05-02 00:17:29";"2013-05-02 06:26:29";;;;;;;;;;;;
"2013-05-02 06:26:29";"2013-05-02 12:35:29";72.74959;9.74688;57;100;23.39225;3.38128;13.6;28.9;19.5204;2.36208;12.8;23.2
"2013-05-02 12:35:29";"2013-05-02 18:44:29";86.85993;5.89754;75;102;18.3949;1.74886;12.6;21.4;16.82579;1.08895;12.7;18.5
"2013-05-02 18:44:29";"2013-05-03 00:53:29";100.05243;1.0587;98;103;12.19288;0.23285;11.7;12.7;12.22996;0.207;11.8;12.8
"2013-05-03 00:53:29";"2013-05-03 07:02:29";97.66667;2.22214;90;101;11.85049;0.41968;10.9;12.8;11.66275;0.31418;10.8;12.2
"2013-05-03 07:02:29";"2013-05-03 13:11:29";72.41889;10.8654;58;113;21.60891;4.32109;12.8;28.2;17.78342;3.02949;11.8;23
"2013-05-03 13:11:29";"2013-05-03 19:20:28";81.68029;6.66829;73;102;21.687;3.34678;12.5;26.8;19.25953;2.44582;12.3;23.6
"2013-05-03 19:20:28";"2013-05-04 01:29:28";98.18981;1.4957;95;102;11.82917;0.65696;9.8;12.6;11.68843;0.61562;9.8;12.6
"2013-05-04 01:29:28";"2013-05-04 07:38:28";90.4898;10.02216;71;102;12.87117;3.8068;8.8;19.8;11.7875;2.57873;8.9;16.5
"2013-05-04 07:38:28";"2013-05-04 13:47:28";72.5764;5.29856;63;85;25.13423;1.90212;19.4;27.3;21.22209;2.24804;15.8;24.5
"2013-05-04 13:47:28";"2013-05-04 19:56:28";88.00896;7.32114;77;101;21.29653;3.94944;13.8;27;19.71624;2.95478;13.7;23.9
"2013-05-04 19:56:28";"2013-05-05 02:05:28";98.55515;0.92588;97;101;13.02353;0.82437;11.8;14.1;12.91654;0.84417;11.8;14.1
"2013-05-05 02:05:28";"2013-05-05 08:14:28";93.04786;6.693;79;101;13.74106;2.05898;11.7;17.9;13.00227;1.27817;11.7;15.7
"2013-05-05 08:14:28";"2013-05-05 14:23:28";76.63309;9.85117;54;97;21.68154;3.29019;16.3;27.1;18.51471;2.35617;13.9;23.1
"2013-05-05 14:23:28";"2013-05-05 20:32:27";96.9;3.01773;92;103;14.65271;1.60712;11.3;16.7;14.35875;1.34364;11.4;16.1
"2013-05-05 20:32:27";"2013-05-06 02:41:27";99.39106;1.02108;97;102;11.90447;0.17071;11.6;12.2;11.88324;0.21442;11.5;12.2
"2013-05-06 02:41:27";"2013-05-06 08:50:27";83.56719;9.80372;70;100;16.18674;3.31981;10.7;20.2;14.2185;2.05494;10.6;17.1
"2013-05-06 08:50:27";"2013-05-06 14:59:27";80.21927;7.14956;64;98;24.12481;2.21954;17.9;29.3;21.40144;2.01144;16.3;25.4
"2013-05-06 14:59:27";"2013-05-06 21:08:27";98.15152;3.60502;90;104;15.5488;2.74242;10.4;20.6;15.36922;2.4304;10.6;19.9
"2013-05-06 21:08:27";"2013-05-07 03:17:27";100.76538;0.93785;98;103;9.49462;0.73383;8.1;10.7;9.59808;0.77655;8.1;10.8
"2013-05-07 03:17:27";"2013-05-07 09:26:27";97.23129;2.75673;92;102;11.36531;1.71552;8;13.8;11.10646;1.47477;8.1;13.1
"2013-05-07 09:26:27";"2013-05-07 15:35:27";84.86031;8.1707;55;102;17.39667;1.93742;13.7;20.9;15.542;1.15045;13.1;17.7
"2013-05-07 15:35:27";"2013-05-07 21:44:26";98.21266;3.70294;88;102;14.52177;1.88047;11.6;18;14.3681;1.57498;11.5;16.6
"2013-05-07 21:44:26";"2013-05-08 03:53:26";99.85714;0.69046;98;102;11.14514;0.24394;10.4;11.6;11.15086;0.2525;10.4;11.6
"2013-05-08 03:53:26";"2013-05-08 10:02:26";76.71898;12.0282;58;101;18.23186;4.03334;9.2;24.1;15.12368;2.4277;9.1;18.6
"2013-05-08 10:02:26";"2013-05-08 16:11:26";76.50674;4.83971;62;88;21.55905;1.69696;15.8;25.1;18.37586;1.3724;13.7;20.9
"2013-05-08 16:11:26";"2013-05-08 22:20:26";93.96855;5.59584;81;100;15.85954;2.93083;11.8;21.9;15.15849;2.25757;11.8;19.6
"2013-05-08 22:20:26";"2013-05-09 04:29:26";99.15447;0.92422;97;102;11.47602;0.92457;9.6;12.5;11.41301;0.90126;9.5;12.3
"2013-05-09 04:29:26";"2013-05-09 10:38:26";84.53277;7.3723;72;101;16.36638;2.10814;10.5;19.7;14.51189;1.31117;10.6;17
"2013-05-09 10:38:26";"2013-05-09 16:47:26";75.24046;5.63212;63;85;19.03464;1.6166;15.9;23.3;15.83292;1.04476;13.7;18.3
"2013-05-09 16:47:26";"2013-05-09 22:56:25";89.37534;8.37036;66;96;13.46113;1.95503;11.7;18.7;12.2681;0.91726;11.2;14.5
"2013-05-09 22:56:25";"2013-05-10 05:05:25";95.99558;0.89984;94;98;11.11814;0.69005;9.8;12.1;10.74071;0.6386;9.5;11.6
"2013-05-10 05:05:25";"2013-05-10 11:14:25";70.86458;9.9744;57;98;19.1421;3.30262;10;24.1;15.2026;1.84376;9.7;18.5
"2013-05-10 11:14:25";"2013-05-10 17:23:25";70.44231;5.44982;59;86;19.99592;1.63139;16.7;24;16.02492;0.84635;14;18.1
"2013-05-10 17:23:25";"2013-05-10 23:32:25";92.97283;2.82349;85;97;14.03125;1.08569;12.5;16.8;13.29321;0.76997;12;15.1
"2013-05-10 23:32:25";"2013-05-11 05:41:25";96.20822;0.92481;94;98;10.97425;0.91573;9.3;13.1;10.62438;0.91788;8.9;12.7
"2013-05-11 05:41:25";"2013-05-11 11:50:25";64.8272;13.80638;47;97;20.58418;4.43205;9.3;27.9;15.45205;2.16866;8.9;19.3
"2013-05-11 11:50:25";"2013-05-11 17:59:25";72.22614;6.60406;59;91;20.22213;1.6326;15.1;24.8;16.48316;0.75762;13.9;18.5
"2013-05-11 17:59:25";"2013-05-12 00:08:24";93.83059;1.48388;89;97;13.59012;0.7068;12.4;15.2;12.96188;0.56839;11.9;14.1
"2013-05-12 00:08:24";"2013-05-12 06:17:24";95.56867;0.63964;94;97;10.26651;1.106;8.8;12.5;9.88241;1.07502;8.4;12.1
"2013-05-12 06:17:24";"2013-05-12 12:26:24";66.0901;11.54458;50;97;20.71465;3.90454;9.9;26.3;15.87297;2.43828;9.5;20.2
"2013-05-12 12:26:24";"2013-05-12 18:35:24";75.19683;8.42318;61;94;20.94253;3.16574;13.4;27;17.51946;1.80636;12.7;21.2
"2013-05-12 18:35:24";"2013-05-13 00:44:24";94.52956;1.19221;92;97;11.85476;0.65385;10.8;13.6;11.30925;0.59993;10.4;12.9
"2013-05-13 00:44:24";"2013-05-13 06:53:24";95;1.57449;89;98;10.1321;0.97935;8.4;12.4;9.68494;0.93127;8.1;11.5
"2013-05-13 06:53:24";"2013-05-13 13:02:24";72.75489;6.31007;59;91;18.74049;2.63368;12.5;25;15.18872;1.8207;11.1;19.8
"2013-05-13 13:02:24";"2013-05-13 19:11:24";80.74274;7.2404;68;96;18.8082;1.78103;14.1;22.6;16.35581;0.8985;13.7;18.8
"2013-05-13 19:11:24";"2013-05-14 01:20:23";94.67089;1.20884;91;97;13.14778;0.64751;11.8;14.2;12.61519;0.63815;11.3;13.7
"2013-05-14 01:20:23";"2013-05-14 07:29:23";94.31045;2.95524;86;98;11.46;1.29712;9.8;14.8;10.90119;1.04889;9.3;13.4
"2013-05-14 07:29:23";"2013-05-14 13:38:23";77.22867;5.47094;66;91;17.96338;1.5857;14.4;21.2;15.1063;0.92183;12.6;17.3
"2013-05-14 13:38:23";"2013-05-14 19:47:23";86.12381;6.6028;73;97;16.6034;1.89396;13;20.1;14.94952;1.08653;12.7;17.1
"2013-05-14 19:47:23";"2013-05-15 01:56:23";96.95122;0.68156;96;98;12.09686;0.43795;11.3;13.2;11.79373;0.43348;11;12.9
"2013-05-15 01:56:23";"2013-05-15 08:05:23";92.64051;5.18883;80;99;12.89038;2.12418;9.8;17;12.10177;1.55018;9.5;14.6
"2013-05-15 08:05:23";"2013-05-15 14:14:23";80.28807;5.62177;69;91;17.72008;1.60359;15;21.2;15.28642;0.87725;13.7;17.4
"2013-05-15 14:14:23";"2013-05-15 20:23:23";91.88683;4.91131;78;97;14.04856;1.42675;11.5;17;13.17387;0.97647;11.1;14.7
"2013-05-15 20:23:23";"2013-05-16 02:32:22";97.41176;0.64706;96;99;12.00931;0.13919;11.4;12.2;11.75049;0.11568;11.1;11.9
"2013-05-16 02:32:22";"2013-05-16 08:41:22";90.94105;5.89267;79;99;14.26747;2.64831;10.6;18.2;13.25306;2.05845;10.4;16.8
"2013-05-16 08:41:22";"2013-05-16 14:50:22";74.91847;4.91069;67;89;19.75004;1.77748;16.7;24.2;16.45907;1.2744;14.3;19.6
"2013-05-16 14:50:22";"2013-05-16 20:59:22";86.13774;11.44296;66;99;17.72208;3.78088;12.8;24.2;15.90075;2.21571;12.5;20.3
"2013-05-16 20:59:22";"2013-05-17 03:08:22";97.63717;0.67917;96;99;12.17965;0.55305;11.3;13.2;11.95221;0.54173;11.1;12.9
"2013-05-17 03:08:22";"2013-05-17 09:17:22";94.34181;4.05528;86;99;12.61582;0.97171;11.6;15;12.02684;0.56742;11.4;13.5
"2013-05-17 09:17:22";"2013-05-17 15:26:22";79.17652;8.11765;61;96;18.17706;2.72677;13.6;25.2;15.51308;1.52617;12.7;20.1
"2013-05-17 15:26:22";"2013-05-17 21:35:22";89.73379;9.27881;72;99;16.5215;3.33617;11;21.3;15.24437;2.29535;10.8;18.6
"2013-05-17 21:35:22";"2013-05-18 03:44:21";97.65665;0.96401;96;100;10.49957;0.50368;9.6;11.3;10.30644;0.53512;9.3;11.1
"2013-05-18 03:44:21";"2013-05-18 09:53:21";85.09798;7.75594;69;99;14.64294;2.82749;8.9;18.4;12.9219;1.95012;8.7;15.3
"2013-05-18 09:53:21";"2013-05-18 16:02:21";75.50196;6.57003;62;90;20.3719;1.46385;17.2;23.7;17.10828;0.97344;14.3;19.6
"2013-05-18 16:02:21";"2013-05-18 22:11:21";92.50166;6.40067;77;99;15.82947;3.07543;10.9;21.5;14.93113;2.28383;10.8;19
"2013-05-18 22:11:21";"2013-05-19 04:20:21";97.71186;0.88396;96;100;11.14678;0.3054;10.5;11.8;10.95186;0.30597;10.3;11.7
"2013-05-19 04:20:21";"2013-05-19 10:29:21";76.35279;11.959;61;99;19.13997;4.63732;10.9;25.8;15.89112;2.80086;10.7;20.6
"2013-05-19 10:29:21";"2013-05-19 16:38:21";82.19537;7.88995;66;96;19.8492;2.69053;15.2;25.7;17.50861;1.51484;14.5;20.9
"2013-05-19 16:38:21";"2013-05-19 22:47:21";93.66042;2.30744;89;98;14.19729;1.81873;10.8;17.5;13.53812;1.66783;10.6;16.5
"2013-05-19 22:47:21";"2013-05-20 04:56:20";97.03448;0.8899;95;99;10.08276;0.28354;9.7;10.8;9.83448;0.29217;9.4;10.5
"2013-05-20 04:56:20";"2013-05-20 11:05:20";;;;;;;;;;;;
"2013-05-20 11:05:20";"2013-05-20 17:14:20";;;;;;;;;;;;
"2013-05-20 17:14:20";"2013-05-20 23:23:20";;;;;;;;;;;;
"2013-05-20 23:23:20";"2013-05-21 05:32:20";;;;;;;;;;;;
"2013-05-21 05:32:20";"2013-05-21 11:41:20";79.21951;7.66466;67;92;17.78309;1.7568;14.8;22.3;15.17512;0.78852;13.9;17.8
"2013-05-21 11:41:20";"2013-05-21 17:50:20";86.999;4.50192;76;97;17.39489;1.59383;14;20.9;15.84975;1.135;13.5;18.9
"2013-05-21 17:50:20";"2013-05-21 23:59:20";97.24332;0.69154;95;99;12.62594;0.42633;12.1;14;12.35722;0.38277;11.9;13.6
"2013-05-21 23:59:20";"2013-05-22 06:08:19";;;;;;;;;;;;
"2013-05-22 06:08:19";"2013-05-22 12:17:19";76.13692;8.3581;62;100;19.60819;2.11242;14.9;23.2;16.45062;1.14887;14;18.7
"2013-05-22 12:17:19";"2013-05-22 18:26:19";84.20251;6.61155;72;99;18.50063;2.55252;13.5;23.1;16.50887;1.66005;13.3;19.4
"2013-05-22 18:26:19";"2013-05-23 00:35:19";97.83235;0.67616;97;99;12.79353;0.23829;12.4;13.4;12.58559;0.23098;12.1;13.2
"2013-05-23 00:35:19";"2013-05-23 06:44:19";97.51178;0.83728;95;99;11.39899;0.79525;10;12.7;11.17811;0.79257;9.8;12.5
"2013-05-23 06:44:19";"2013-05-23 12:53:19";77.20697;6.24333;67;96;19.767;2.90747;12.2;25.9;16.76351;2.11889;11.8;21.1
"2013-05-23 12:53:19";"2013-05-23 19:02:19";88.23842;7.81903;71;99;17.29754;3.21899;11.5;23.5;15.83842;2.17144;11.3;20
"2013-05-23 19:02:19";"2013-05-24 01:11:19";98.16216;0.70868;97;100;11.70991;0.38733;10.9;12.4;11.54144;0.37146;10.8;12.1
"2013-05-24 01:11:19";"2013-05-24 07:20:18";96.88889;1.68691;91;99;12.27191;0.62528;11.3;14.4;11.96327;0.48347;11;13.5
"2013-05-24 07:20:18";"2013-05-24 13:29:18";81.36718;7.66792;65;96;18.17156;2.30221;14.2;24.8;15.81676;1.27449;13.6;20.4
"2013-05-24 13:29:18";"2013-05-24 19:38:18";94.14595;2.88618;87;99;14.39495;1.41334;10.8;16.5;13.77946;1.16177;10.5;15.5
"2013-05-24 19:38:18";"2013-05-25 01:47:18";97.44051;0.87965;96;99;9.79164;0.37953;8.9;10.7;9.59646;0.38737;8.7;10.5
"2013-05-25 01:47:18";"2013-05-25 07:56:18";92.52805;6.09354;76;99;10.8677;2.95016;8;17.4;10.11528;2.19726;7.8;14.8
"2013-05-25 07:56:18";"2013-05-25 14:05:18";74.24987;6.20565;62;88;21.39712;1.76317;16.7;24.8;17.87287;1.20863;13.9;20.5
"2013-05-25 14:05:18";"2013-05-25 20:14:18";87.35672;6.65513;75;99;18.06709;3.13517;11.6;22.6;16.48854;2.31579;11.3;19.4
"2013-05-25 20:14:18";"2013-05-26 02:23:18";98.04403;0.80756;96;100;11.32296;0.34093;10.6;11.8;11.1478;0.33399;10.4;11.7
"2013-05-26 02:23:18";"2013-05-26 08:32:17";88.0743;9.02253;70;100;14.93996;3.58888;10.1;20.6;13.51084;2.44795;10;16.8
"2013-05-26 08:32:17";"2013-05-26 14:41:17";77.4485;2.99118;68;89;19.20723;1.3905;16.2;23.1;16.32615;1.15192;13.7;18.7
"2013-05-26 14:41:17";"2013-05-26 20:50:17";92.43443;4.90356;81;100;14.08852;2.62368;10.4;19;13.25287;2.04178;10.2;17.1
"2013-05-26 20:50:17";"2013-05-27 02:59:17";96.8254;0.84214;95;100;9.46444;0.58506;7.9;10.4;9.22825;0.58211;7.7;10.2
"2013-05-27 02:59:17";"2013-05-27 09:08:17";87.55504;6.3789;78;99;12.68713;3.11216;8;17.6;11.33473;2.37861;7.7;15.3
"2013-05-27 09:08:17";"2013-05-27 15:17:17";76.08991;3.95829;67;87;20.21506;1.70509;17;24.7;17.06681;1.4115;13.9;20.3
"2013-05-27 15:17:17";"2013-05-27 21:26:17";95.95085;3.52581;80;99;14.44359;2.18009;10.3;18.3;14.02244;1.94172;10.1;16.5
"2013-05-27 21:26:17";"2013-05-28 03:35:17";97.29938;0.81642;96;99;9.09074;0.60316;8.3;10.5;8.90586;0.60476;8;10.3
"2013-05-28 03:35:17";"2013-05-28 09:44:16";83.95312;10.75599;66;101;15.65697;3.99023;9;22.4;13.66418;2.57269;8.8;18
"2013-05-28 09:44:16";"2013-05-28 15:53:16";82.79269;9.43722;68;100;17.65543;2.97578;13.2;23.2;15.46877;1.74102;12.7;19.4
"2013-05-28 15:53:16";"2013-05-28 22:02:16";95.12528;3.88388;87;100;12.92756;1.82002;9.5;16;12.42938;1.46332;9.4;14.7
"2013-05-28 22:02:16";"2013-05-29 04:11:16";97.02545;0.93524;95;100;8.86107;0.46794;7.9;9.7;8.65903;0.50147;7.7;9.5
"2013-05-29 04:11:16";"2013-05-29 10:20:16";84.19756;7.49986;72;97;14.99973;4.24529;7.9;20.4;13.12679;3.28677;7.6;18.1
"2013-05-29 10:20:16";"2013-05-29 16:29:16";78.86852;8.56071;67;106;20.64475;2.96423;13;26.1;17.78784;1.85388;12.9;21.4
"2013-05-29 16:29:16";"2013-05-29 22:38:16";94.45208;4.61043;80;100;13.29271;2.60524;8.8;18.6;12.69917;2.11328;8.8;16.5
"2013-05-29 22:38:16";"2013-05-30 04:47:16";97.68782;0.97767;96;100;8.05406;0.42192;7.1;9;7.91244;0.4425;7;8.8
"2013-05-30 04:47:16";"2013-05-30 10:56:15";80.1456;8.37584;69;99;16.6451;3.9037;7.1;21.5;14.16795;2.78192;7;17.9
"2013-05-30 10:56:15";"2013-05-30 17:05:15";82.32757;7.05762;69;99;19.83216;2.21672;15;25.4;17.52998;1.25816;14.6;21
"2013-05-30 17:05:15";"2013-05-30 23:14:15";97.40872;1.3397;93;99;13.56431;1.05709;11.5;15.7;13.30954;1.04771;11.1;15.3
"2013-05-30 23:14:15";"2013-05-31 05:23:15";97.33333;0.96105;96;100;10.81632;0.71315;9.1;11.7;10.59271;0.69994;8.9;11.4
"2013-05-31 05:23:15";"2013-05-31 11:32:15";85.50156;8.87239;69;99;14.86885;3.19255;8.7;20.6;13.15587;2.1278;8.5;16.8
"2013-05-31 11:32:15";"2013-05-31 17:41:15";84.33072;9.4058;62;100;18.01344;3.58287;13.5;26.3;15.99092;2.18984;12.9;21.5
"2013-05-31 17:41:15";"2013-05-31 23:50:15";97.85255;0.95036;95;100;12.16139;0.7538;9.9;13.7;11.95362;0.71676;9.7;13.5
"2013-05-31 23:50:15";"2013-06-01 05:59:15";97.01695;1.0917;94;100;8.59605;0.65427;7.7;9.9;8.39237;0.69695;7.4;9.7
"2013-06-01 05:59:15";"2013-06-01 12:08:14";78.01141;8.29244;64;96;18.21642;4.10238;8.1;24;15.35979;2.92268;7.7;19.9
"2013-06-01 12:08:14";"2013-06-01 18:17:14";81.81791;7.78854;69;99;20.19941;2.51967;14.5;25.6;17.7978;1.48826;14.2;22
"2013-06-01 18:17:14";"2013-06-02 00:26:14";97.96008;0.86539;96;100;11.52954;1.70873;8.8;14.7;11.36287;1.6953;8.7;14.4
"2013-06-02 00:26:14";"2013-06-02 06:35:14";97.18884;1.22858;93;100;8.73777;0.47268;7.7;10.7;8.54678;0.43682;7.6;10.1
"2013-06-02 06:35:14";"2013-06-02 12:44:14";76.16541;5.48353;67;94;19.4495;2.67181;10.8;23.7;16.33258;1.94521;10.1;20.1
"2013-06-02 12:44:14";"2013-06-02 18:53:14";82.04529;7.68686;69;99;20.03075;2.74996;12.7;24.8;17.66121;1.70514;12.5;21
"2013-06-02 18:53:14";"2013-06-03 01:02:14";97.67521;0.98994;95;99;12.32991;0.35452;11.2;12.8;12.11026;0.365;10.9;12.6
"2013-06-03 01:02:14";"2013-06-03 07:11:14";;;;;;;;;;;;
"2013-06-03 07:11:14";"2013-06-03 13:20:13";;;;;;;;;;;;
"2013-06-03 13:20:13";"2013-06-03 19:29:13";;;;;;;;;;;;
"2013-06-03 19:29:13";"2013-06-04 01:38:13";;;;;;;;;;;;
"2013-06-04 01:38:13";"2013-06-04 07:47:13";;;;;;;;;;;;
"2013-06-04 07:47:13";"2013-06-04 13:56:13";;;;;;;;;;;;
"2013-06-04 13:56:13";"2013-06-04 20:05:13";;;;;;;;;;;;
"2013-06-04 20:05:13";"2013-06-05 02:14:13";;;;;;;;;;;;
"2013-06-05 02:14:13";"2013-06-05 08:23:13";;;;;;;;;;;;
"2013-06-05 08:23:13";"2013-06-05 14:32:12";;;;;;;;;;;;
"2013-06-05 14:32:12";"2013-06-05 20:41:12";;;;;;;;;;;;
"2013-06-05 20:41:12";"2013-06-06 02:50:12";;;;;;;;;;;;
"2013-06-06 02:50:12";"2013-06-06 08:59:12";68.44;1.602;66;71;18.192;0.25443;17.8;18.7;14.124;0.18821;13.8;14.5
"2013-06-06 08:59:12";"2013-06-06 15:08:12";77.11676;7.05912;64;96;18.80288;1.7184;14.7;22.6;15.85783;0.94367;13.7;19
"2013-06-06 15:08:12";"2013-06-06 21:17:12";91.28258;8.97683;69;100;15.53001;3.38684;11.5;23.4;14.45373;2.25819;11.4;19
"2013-06-06 21:17:12";"2013-06-07 03:26:12";97.46356;0.85594;96;100;9.98367;0.86343;8.8;12;9.80146;0.87992;8.6;11.8
"2013-06-07 03:26:12";"2013-06-07 09:35:12";90.8516;5.94867;80;99;12.66233;2.63289;9.3;17.4;11.68402;1.92209;9.1;15.5
"2013-06-07 09:35:12";"2013-06-07 15:44:11";79.34754;6.31321;66;94;18.53016;1.73305;14.8;23.4;15.91352;1.00668;13.6;18.9
"2013-06-07 15:44:11";"2013-06-07 21:53:11";93;4.17639;86;100;14.4405;2.16787;10.8;17.8;13.67531;1.72482;10.6;16.3
"2013-06-07 21:53:11";"2013-06-08 04:02:11";97.22449;1.30173;94;100;9.15459;1.0672;7.9;11.6;8.95944;1.11393;7.7;11.4
"2013-06-08 04:02:11";"2013-06-08 10:11:11";82.07001;10.36719;66;97;14.18719;3.84358;8.2;19.7;12.04782;2.47332;7.8;15.4
"2013-06-08 10:11:11";"2013-06-08 16:20:11";72.56821;2.63732;67;81;20.83118;1.73038;16.9;24;17.12972;1.28326;14.1;19.3
"2013-06-08 16:20:11";"2013-06-08 22:29:11";89.29478;8.2879;74;100;14.09925;2.83036;10.8;19.7;12.86194;1.77696;10.7;16.7
"2013-06-08 22:29:11";"2013-06-09 04:38:11";97.77477;1.1831;96;100;10.25315;0.61495;9.4;11.3;10.08829;0.65536;9.1;11.1
"2013-06-09 04:38:11";"2013-06-09 10:47:11";;;;;;;;;;;;
"2013-06-09 10:47:11";"2013-06-09 16:56:10";;;;;;;;;;;;
"2013-06-09 16:56:10";"2013-06-09 23:05:10";;;;;;;;;;;;
"2013-06-09 23:05:10";"2013-06-10 05:14:10";;;;;;;;;;;;
"2013-06-10 05:14:10";"2013-06-10 11:23:10";;;;;;;;;;;;
"2013-06-10 11:23:10";"2013-06-10 17:32:10";;;;;;;;;;;;
"2013-06-10 17:32:10";"2013-06-10 23:41:10";;;;;;;;;;;;
"2013-06-10 23:41:10";"2013-06-11 05:50:10";;;;;;;;;;;;
"2013-06-11 05:50:10";"2013-06-11 11:59:10";;;;;;;;;;;;
"2013-06-11 11:59:10";"2013-06-11 18:08:09";;;;;;;;;;;;
"2013-06-11 18:08:09";"2013-06-12 00:17:09";;;;;;;;;;;;
"2013-06-12 00:17:09";"2013-06-12 06:26:09";;;;;;;;;;;;
"2013-06-12 06:26:09";"2013-06-12 12:35:09";;;;;;;;;;;;
"2013-06-12 12:35:09";"2013-06-12 18:44:09";87.31242;5.8038;76;99;17.45392;1.76309;13.7;20.8;15.9275;1.13387;13.5;18.1
"2013-06-12 18:44:09";"2013-06-13 00:53:09";97.95767;0.85344;96;100;11.75106;1.56574;9.2;13.8;11.57857;1.57589;9;13.6
"2013-06-13 00:53:09";"2013-06-13 07:02:09";96.58118;1.06434;94;100;8.66212;0.43207;7.8;10;8.41788;0.41058;7.7;9.6
"2013-06-13 07:02:09";"2013-06-13 13:11:09";76.75785;6.86478;66;97;20.02422;2.86065;10;24.7;16.93511;2.10209;9.6;20.1
"2013-06-13 13:11:09";"2013-06-13 19:20:08";90.18692;7.45266;74;102;17.34311;3.00984;12.4;23.1;16.13224;2.03215;12.2;19.8
"2013-06-13 19:20:08";"2013-06-14 01:29:08";98.03115;0.8159;96;100;10.59221;0.65698;9.7;12.5;10.44019;0.66504;9.5;12.3
"2013-06-14 01:29:08";"2013-06-14 07:38:08";94.42443;3.37632;86;99;9.63043;1.75728;7.9;13.8;9.13437;1.38836;7.7;12.3
"2013-06-14 07:38:08";"2013-06-14 13:47:08";75.91368;3.83484;67;88;20.81762;1.90639;13.6;23.9;17.60094;1.52099;12.2;20.1
"2013-06-14 13:47:08";"2013-06-14 19:56:08";84.73817;8.60158;71;100;18.06309;2.8919;11.8;23.2;16.12576;1.79595;11.7;19.4
"2013-06-14 19:56:08";"2013-06-15 02:05:08";98.35115;0.76091;97;100;11.12405;0.46058;10.3;12;10.99122;0.48272;10.1;11.9
"2013-06-15 02:05:08";"2013-06-15 08:14:08";90.54083;7.84316;76;100;11.84682;3.31629;8.3;18.2;10.82831;2.35517;8;15.4
"2013-06-15 08:14:08";"2013-06-15 14:23:08";78.5423;3.90575;68;87;20.17693;1.50921;16;23;17.37973;1.20257;13.7;19.8
"2013-06-15 14:23:08";"2013-06-15 20:32:07";88.78805;7.78315;76;99;17.79594;3.38705;12.7;22.7;16.38185;2.34948;12.4;20
"2013-06-15 20:32:07";"2013-06-16 02:41:07";97.91553;0.78192;96;100;11.73379;0.99733;9.7;13;11.55749;0.98849;9.5;12.7
"2013-06-16 02:41:07";"2013-06-16 08:50:07";86.87268;9.31945;71;99;12.96123;4.25534;7.8;19.7;11.4505;3.01794;7.6;16.4
"2013-06-16 08:50:07";"2013-06-16 14:59:07";76.33796;6.70876;66;91;22.41329;2.75261;17;28.1;19.10283;1.8064;15.4;23.3
"2013-06-16 14:59:07";"2013-06-16 21:08:07";91.07825;6.61025;78;100;16.37374;3.2695;10.3;21.8;15.30743;2.51741;10.2;19.1
"2013-06-16 21:08:07";"2013-06-17 03:17:07";97.39336;0.89324;95;100;9.22559;0.63411;7.9;10.5;9.0481;0.64894;7.7;10.3
"2013-06-17 03:17:07";"2013-06-17 09:26:07";86.8964;9.39026;70;99;13.77237;4.243;8;20;12.23288;3.00969;7.8;16.5
"2013-06-17 09:26:07";"2013-06-17 15:35:07";77.94897;7.41252;64;104;22.48788;2.78904;16.1;28.6;19.41075;1.9112;15.3;24
"2013-06-17 15:35:07";"2013-06-17 21:44:06";91.99424;6.53785;80;99;17.12464;3.67808;10.5;23;16.1415;2.92743;10.3;20.7
"2013-06-17 21:44:06";"2013-06-18 03:53:06";96.87143;1.11062;94;99;9.28143;0.95496;8;10.9;9.04607;0.99892;7.8;10.7
"2013-06-18 03:53:06";"2013-06-18 10:02:06";;;;;;;;;;;;
"2013-06-18 10:02:06";"2013-06-18 16:11:06";;;;;;;;;;;;
"2013-06-18 16:11:06";"2013-06-18 22:20:06";;;;;;;;;;;;
"2013-06-18 22:20:06";"2013-06-19 04:29:06";;;;;;;;;;;;
"2013-06-19 04:29:06";"2013-06-19 10:38:06";;;;;;;;;;;;
"2013-06-19 10:38:06";"2013-06-19 16:47:06";;;;;;;;;;;;
"2013-06-19 16:47:06";"2013-06-19 22:56:05";;;;;;;;;;;;
"2013-06-19 22:56:05";"2013-06-20 05:05:05";;;;;;;;;;;;
"2013-06-20 05:05:05";"2013-06-20 11:14:05";;;;;;;;;;;;
"2013-06-20 11:14:05";"2013-06-20 17:23:05";;;;;;;;;;;;
"2013-06-20 17:23:05";"2013-06-20 23:32:05";;;;;;;;;;;;
"2013-06-20 23:32:05";"2013-06-21 05:41:05";;;;;;;;;;;;
"2013-06-21 05:41:05";"2013-06-21 11:50:05";;;;;;;;;;;;
"2013-06-21 11:50:05";"2013-06-21 17:59:05";;;;;;;;;;;;
"2013-06-21 17:59:05";"2013-06-22 00:08:04";;;;;;;;;;;;
"2013-06-22 00:08:04";"2013-06-22 06:17:04";;;;;;;;;;;;
"2013-06-22 06:17:04";"2013-06-22 12:26:04";74.85392;2.67297;68;82;20.86169;2.57091;15.9;25.2;17.4924;2.19172;13.4;21.1
"2013-06-22 12:26:04";"2013-06-22 18:35:04";81.01023;8.77129;68;100;20.56959;3.01681;13.2;26;18.00665;1.75277;13;21.8
"2013-06-22 18:35:04";"2013-06-23 00:44:04";97.944;1.13175;95;100;9.861;1.51724;7.9;13.3;9.7176;1.55203;7.8;13.2
"2013-06-23 00:44:04";"2013-06-23 06:53:04";94.54306;1.31583;89;96;8.03708;0.79513;7.2;11.2;7.58756;0.67794;6.8;10.1
"2013-06-23 06:53:04";"2013-06-23 13:02:04";77.72495;5.14595;68;91;18.89623;2.43213;11.2;23.7;16.04314;1.78947;10.2;19.4
"2013-06-23 13:02:04";"2013-06-23 19:11:04";82.22854;6.62547;69;96;18.8009;2.90237;12.9;24.6;16.53074;2.0046;12.2;21.1
"2013-06-23 19:11:04";"2013-06-24 01:20:03";96.85591;1.79078;90;100;11.80317;0.78716;10.7;13.1;11.50548;0.64825;10.5;12.5
"2013-06-24 01:20:03";"2013-06-24 07:29:03";94.68786;4.46706;81;100;11.15318;1.39587;9.6;14.7;10.62977;0.93781;9.4;12.8
"2013-06-24 07:29:03";"2013-06-24 13:38:03";80.11006;5.44124;67;100;17.20776;2.24731;13.3;23.5;14.77253;1.61116;11.7;19.5
"2013-06-24 13:38:03";"2013-06-24 19:47:03";85.96592;8.84373;69;99;17.2228;3.22336;12.3;23.6;15.46087;2.0199;12;19.7
"2013-06-24 19:47:03";"2013-06-25 01:56:03";98.34962;0.6841;97;100;11.72444;0.61696;10.4;12.5;11.58195;0.61709;10.3;12.4
"2013-06-25 01:56:03";"2013-06-25 08:05:03";94.59531;4.17792;83;100;10.82727;2.19894;8.3;15.9;10.30968;1.73751;8.1;14.1
"2013-06-25 08:05:03";"2013-06-25 14:14:03";75.67072;5.06344;63;87;21.31506;1.99821;15.5;25.5;18.02733;1.75504;13.1;21.9
"2013-06-25 14:14:03";"2013-06-25 20:23:03";90.1181;8.35824;76;100;18.44454;4.03623;12.6;24;17.16175;2.90038;12.6;21.6
"2013-06-25 20:23:03";"2013-06-26 02:32:02";98.83214;0.88461;97;100;11.54929;0.74714;9.7;12.8;11.46107;0.78122;9.6;12.7
"2013-06-26 02:32:02";"2013-06-26 08:41:02";88.94277;8.46971;71;100;12.62576;4.00849;7.9;20.5;11.3787;2.90916;7.7;17
"2013-06-26 08:41:02";"2013-06-26 14:50:02";90.98498;9.26469;68;108;22.42887;1.44672;18;26.3;21.25033;1.9204;15.9;25.6
"2013-06-26 14:50:02";"2013-06-26 20:59:02";101.59115;1.89054;96;106;17.67694;3.4372;10.5;22.3;17.91555;3.36309;10.7;22.2
"2013-06-26 20:59:02";"2013-06-27 03:08:02";100.1342;1.48125;97;103;8.84502;0.6041;8;10.4;8.89177;0.67421;8;10.7
"2013-06-27 03:08:02";"2013-06-27 09:17:02";92.1935;5.25326;82;100;12.91967;4.11094;7.7;19.9;12.06407;3.43956;7.6;18.1
"2013-06-27 09:17:02";"2013-06-27 15:26:02";97.00923;4.17749;87;108;20.52788;1.24933;18.2;24.3;20.19558;1.24584;16.9;23.4
"2013-06-27 15:26:02";"2013-06-27 21:35:02";101.92434;2.37674;97;109;15.38701;3.05863;10.8;20.1;15.65148;2.96386;11;20.1
"2013-06-27 21:35:02";"2013-06-28 03:44:01";100.34146;0.72363;99;102;11.10244;0.33622;10.5;11.8;11.17957;0.35101;10.5;11.9
"2013-06-28 03:44:01";"2013-06-28 09:53:01";90.88548;6.20391;83;102;14.13919;2.48849;10.3;18.9;13.11113;1.78366;10.3;17
"2013-06-28 09:53:01";"2013-06-28 16:02:01";96.93086;4.89278;82;106;19.23761;1.01448;16.1;21.5;18.90189;1.07298;16.1;21
"2013-06-28 16:02:01";"2013-06-28 22:11:01";102.29018;1.7692;96;107;12.83929;2.9317;7.8;17.1;13.13103;2.88454;7.9;17.2
"2013-06-28 22:11:01";"2013-06-29 04:20:01";99.81481;1.1365;97;102;8.15333;0.16591;7.9;8.5;8.16148;0.19851;7.8;8.6
"2013-06-29 04:20:01";"2013-06-29 10:29:01";;;;;;;;;;;;
"2013-06-29 10:29:01";"2013-06-29 16:38:01";103.83333;0.68718;103;105;16.10833;0.0493;16;16.2;16.6;0.07071;16.5;16.7
"2013-06-29 16:38:01";"2013-06-29 22:47:01";;;;;;;;;;;;
"2013-06-29 22:47:01";"2013-06-30 04:56:00";;;;;;;;;;;;
"2013-06-30 04:56:00";"2013-06-30 11:05:00";;;;;;;;;;;;
"2013-06-30 11:05:00";"2013-06-30 17:14:00";;;;;;;;;;;;
"2013-06-30 17:14:00";"2013-06-30 23:23:00";;;;;;;;;;;;
"2013-06-30 23:23:00";"2013-07-01 05:32:00";;;;;;;;;;;;
"2013-07-01 05:32:00";"2013-07-01 11:41:00";;;;;;;;;;;;
"2013-07-01 11:41:00";"2013-07-01 17:50:00";;;;;;;;;;;;
"2013-07-01 17:50:00";"2013-07-01 23:59:00";;;;;;;;;;;;
