"dia";"hora";"sanpedro/003/humidity";"sanpedro/003/temperature"
"2013-04-27";"07:31:33";;
"2013-04-27";"07:31:05";;
"2013-04-27";"07:27:51";;
"2013-04-27";"06:49:33";86.1;9.6
"2013-04-27";"06:49:28";91.9;10.1
"2013-04-27";"06:48:55";86.1;9.5
"2013-04-27";"06:48:16";86.1;9.4
"2013-04-27";"06:48:11";91.9;9.9
"2013-04-27";"06:48:05";91.8;9.9
"2013-04-27";"06:47:55";94.4;11.2
"2013-04-27";"06:47:21";91.8;9.8
"2013-04-27";"06:47:16";94.4;11.1
"2013-04-27";"06:47:05";86.1;9.3
"2013-04-27";"06:46:43";91.8;9.7
"2013-04-27";"06:46:38";94.4;11
"2013-04-27";"06:46:26";86;9.2
"2013-04-27";"06:45:53";86;9.1
"2013-04-27";"06:45:15";91.8;9.5
"2013-04-27";"06:45:09";86;9
"2013-04-27";"06:29:36";85.8;7.5
"2013-04-27";"06:29:25";94.1;8.9
"2013-04-27";"06:28:58";91.6;7.9
"2013-04-27";"06:28:36";94.1;8.8
"2013-04-27";"06:28:25";85.8;7.4
"2013-04-27";"06:28:03";91.6;7.8
"2013-04-27";"06:27:52";85.8;7.3
"2013-04-27";"06:27:41";91.5;7.8
"2013-04-27";"06:27:13";85.8;7.2
"2013-04-27";"06:26:46";94.1;8.7
"2013-04-27";"06:26:35";85.8;7.1
"2013-04-27";"06:26:18";94.1;8.6
"2013-04-27";"06:25:56";85.8;7
"2013-04-27";"06:25:51";94;8.6
"2013-04-27";"06:25:45";85.7;7
"2013-04-27";"06:25:23";91.5;7.6
"2013-04-27";"06:25:17";85.7;6.9
"2013-04-27";"06:14:58";85.6;5.7
"2013-04-27";"06:14:42";85.6;5.6
"2013-04-27";"06:14:15";94;7.5
"2013-04-27";"06:12:20";94;7.4
"2013-04-27";"06:11:58";94;7.3
"2013-04-27";"06:11:31";93.9;7.3
"2013-04-27";"06:11:30";91.5;7.1
"2013-04-27";"06:11:08";93.9;7.2
"2013-04-27";"06:09:41";85.6;5.6
"2013-04-27";"06:09:35";85.6;5.5
"2013-04-27";"06:09:30";85.6;5.6
"2013-04-27";"06:09:13";93.9;7.1
"2013-04-27";"06:06:29";91.5;7.1
"2013-04-27";"06:05:56";85.6;5.5
"2013-04-27";"06:05:45";85.6;5.4
"2013-04-27";"06:05:40";85.6;5.5
"2013-04-27";"06:02:23";85.6;5.4
"2013-04-27";"06:02:07";91.5;7
"2013-04-27";"06:02:02";93.9;6.9
"2013-04-27";"06:00:29";91.5;6.9
"2013-04-27";"05:54:10";85.6;5.4
"2013-04-27";"05:54:05";85.6;5.5
"2013-04-27";"05:53:59";85.6;5.4
"2013-04-27";"05:53:54";85.6;5.5
"2013-04-27";"05:53:43";94;7.1
"2013-04-27";"05:53:42";85.6;5.4
"2013-04-27";"05:53:37";85.6;5.5
"2013-04-27";"05:53:31";85.6;5.4
"2013-04-27";"05:53:20";85.6;5.5
"2013-04-27";"05:53:15";85.6;5.4
"2013-04-27";"05:53:04";85.6;5.5
"2013-04-27";"05:52:58";85.6;5.4
"2013-04-27";"05:52:53";85.6;5.5
"2013-04-27";"05:52:42";85.6;5.4
"2013-04-27";"05:52:31";85.6;5.5
"2013-04-27";"05:50:14";94;7
"2013-04-27";"05:50:03";85.6;5.4
"2013-04-27";"05:49:52";85.6;5.5
"2013-04-27";"05:49:47";85.6;5.4
"2013-04-27";"05:49:41";91.5;6.3
"2013-04-27";"05:49:36";85.6;5.5
"2013-04-27";"05:49:30";85.6;5.4
"2013-04-27";"05:49:25";85.6;5.5
"2013-04-27";"05:49:14";85.6;5.4
"2013-04-27";"05:49:08";85.6;5.5
"2013-04-27";"05:48:57";85.6;5.4
"2013-04-27";"05:48:51";85.6;5.5
"2013-04-27";"05:48:46";85.6;5.4
"2013-04-27";"05:48:40";85.6;5.5
"2013-04-27";"05:48:35";85.6;5.4
"2013-04-27";"05:48:24";91.5;6.4
"2013-04-27";"05:46:24";85.6;5.5
"2013-04-27";"05:45:40";91.5;6.5
"2013-04-27";"05:19:05";85.6;5.7
"2013-04-27";"05:18:59";85.6;5.6
"2013-04-27";"05:18:48";85.6;5.7
"2013-04-27";"05:18:16";94;7.3
"2013-04-27";"05:17:10";94;7.2
"2013-04-27";"05:16:26";91.5;6.4
"2013-04-27";"04:44:34";85.6;5.6
"2013-04-27";"04:44:23";94;7.1
"2013-04-27";"04:43:50";91.5;7
"2013-04-27";"04:43:17";85.6;5.7
"2013-04-27";"04:43:12";85.6;5.6
"2013-04-27";"04:42:23";85.6;5.7
"2013-04-27";"04:42:17";85.6;5.6
"2013-04-27";"04:42:06";85.6;5.7
"2013-04-27";"04:40:22";91.5;7.1
"2013-04-27";"04:19:40";85.6;5.8
"2013-04-27";"04:19:35";85.6;5.7
"2013-04-27";"04:19:24";85.6;5.8
"2013-04-27";"04:18:02";85.6;5.7
"2013-04-27";"04:17:46";91.6;7.8
"2013-04-27";"04:15:45";85.6;5.8
"2013-04-27";"04:15:02";94;7.6
"2013-04-27";"03:54:32";85.7;6.6
"2013-04-27";"03:54:16";91.6;7.6
"2013-04-27";"03:53:27";85.7;6.7
"2013-04-27";"03:52:10";85.7;6.6
"2013-04-27";"03:51:54";94;7.8
"2013-04-27";"03:51:38";91.6;7.7
"2013-04-27";"03:51:21";85.7;6.5
"2013-04-27";"03:50:43";85.7;6.4
"2013-04-27";"03:50:27";94;7.9
"2013-04-27";"03:43:10";85.7;6.6
"2013-04-27";"03:42:15";91.6;7.8
"2013-04-27";"03:40:10";94.1;8
"2013-04-27";"03:33:09";85.7;6.6
"2013-04-27";"03:32:58";85.7;6.5
"2013-04-27";"03:32:47";85.7;6.6
"2013-04-27";"03:32:36";91.6;7.9
"2013-04-27";"03:32:09";91.7;7.9
"2013-04-27";"03:31:58";94.1;8.1
"2013-04-27";"03:31:25";91.7;8
"2013-04-27";"03:30:31";85.7;6.5
"2013-04-27";"03:27:25";85.7;6.6
"2013-04-27";"03:27:14";85.7;6.7
"2013-04-27";"03:27:09";85.7;6.6
"2013-04-27";"03:26:58";85.7;6.7
"2013-04-27";"03:26:52";85.7;6.6
"2013-04-27";"03:26:47";85.7;6.7
"2013-04-27";"03:26:25";85.7;6.6
"2013-04-27";"03:25:03";94.1;8.2
"2013-04-27";"02:44:21";85.8;6.8
"2013-04-27";"02:42:43";94.1;8.8
"2013-04-27";"02:42:10";85.8;6.9
"2013-04-27";"02:40:53";91.8;8.8
"2013-04-27";"02:40:20";85.8;7
"2013-04-27";"02:28:57";85.9;7.6
"2013-04-27";"02:28:13";94.2;9
"2013-04-27";"02:27:35";91.8;8.8
"2013-04-27";"02:24:56";85.9;7.5
"2013-04-27";"02:24:13";91.8;8.9
"2013-04-27";"02:23:13";94.2;9
"2013-04-27";"02:22:23";91.8;9
"2013-04-27";"02:21:29";94.2;9.1
"2013-04-27";"02:20:34";94.2;9.2
"2013-04-27";"02:19:56";85.9;7.5
"2013-04-27";"02:18:39";91.8;9.1
"2013-04-27";"02:16:07";91.8;9.2
"2013-04-27";"02:16:01";85.9;7.6
"2013-04-27";"02:15:34";94.2;9.2
"2013-04-27";"02:15:33";85.9;7.7
"2013-04-27";"02:04:44";85.9;7.9
"2013-04-27";"02:04:33";91.8;9.2
"2013-04-27";"02:03:27";85.9;7.8
"2013-04-27";"02:02:27";91.8;9.3
"2013-04-27";"02:02:22";94.2;9.5
"2013-04-27";"02:02:00";91.8;9.4
"2013-04-27";"02:01:27";85.9;7.9
"2013-04-27";"02:01:10";94.2;9.6
"2013-04-27";"01:39:40";86;8.4
"2013-04-27";"01:39:35";86;8.4
"2013-04-27";"01:38:41";94.3;10
"2013-04-27";"01:38:35";91.9;9.7
"2013-04-27";"01:37:02";94.3;10.1
"2013-04-27";"00:49:58";86.1;9.4
"2013-04-27";"00:49:09";92;10.4
"2013-04-27";"00:47:58";92;10.5
"2013-04-27";"00:46:52";94.4;10.7
"2013-04-27";"00:46:47";94.4;10.8
"2013-04-27";"00:46:14";92;10.6
"2013-04-27";"00:44:57";86.1;9.4
"2013-04-27";"00:42:30";86.1;9.5
"2013-04-27";"00:41:41";94.4;10.8
"2013-04-27";"00:41:08";92;10.6
"2013-04-27";"00:40:25";92;10.7
"2013-04-26";"23:59:55";86.3;10.5
"2013-04-26";"23:58:00";92.1;11.3
"2013-04-26";"23:57:43";86.3;10.6
"2013-04-26";"23:57:27";94.5;11.8
"2013-04-26";"23:56:05";94.6;11.8
"2013-04-26";"23:55:54";92.1;11.4
"2013-04-26";"23:55:27";86.3;10.7
"2013-04-26";"23:38:20";86.4;11.2
"2013-04-26";"23:36:04";92.1;11.4
"2013-04-26";"23:35:58";94.6;12.1
"2013-04-26";"23:33:15";86.4;11.2
"2013-04-26";"23:31:48";94.6;12.2
"2013-04-26";"23:30:58";92.1;11.4
"2013-04-26";"23:28:15";86.4;11.2
"2013-04-26";"23:26:48";94.6;12.2
"2013-04-26";"23:26:20";92.1;11.5
"2013-04-26";"23:23:09";86.4;11.2
"2013-04-26";"23:22:04";92.1;11.6
"2013-04-26";"23:21:48";94.6;12.2
"2013-04-26";"23:21:04";94.6;12.3
"2013-04-26";"23:18:09";86.4;11.2
"2013-04-26";"23:17:04";92.1;11.6
"2013-04-26";"23:16:04";94.6;12.3
"2013-04-26";"23:13:09";86.4;11.2
"2013-04-26";"23:12:03";92.1;11.6
"2013-04-26";"23:11:03";94.6;12.3
"2013-04-26";"22:29:58";85.3;11.6
"2013-04-26";"22:29:53";94.6;12.4
"2013-04-26";"22:29:52";85.2;11.6
"2013-04-26";"22:29:47";94.6;12.5
"2013-04-26";"22:29:41";85.1;11.6
"2013-04-26";"22:29:36";85;11.6
"2013-04-26";"22:29:30";89.5;11.8
"2013-04-26";"22:29:25";89.4;11.8
"2013-04-26";"22:29:19";84.9;11.6
"2013-04-26";"22:29:13";85;11.6
"2013-04-26";"22:29:08";85;11.7
"2013-04-26";"22:28:57";84.9;11.7
"2013-04-26";"22:28:46";84.8;11.7
"2013-04-26";"22:28:35";84.7;11.7
"2013-04-26";"22:28:24";84.6;11.7
"2013-04-26";"22:28:18";84.5;11.7
"2013-04-26";"22:28:12";84.4;11.7
"2013-04-26";"22:28:07";88.6;11.8
"2013-04-26";"22:28:01";84.3;11.7
"2013-04-26";"22:27:56";84.2;11.7
"2013-04-26";"22:27:50";84.1;11.7
"2013-04-26";"22:27:45";84;11.7
"2013-04-26";"22:27:39";88.2;11.8
"2013-04-26";"22:27:28";83.9;11.7
"2013-04-26";"22:27:22";88.1;11.8
"2013-04-26";"22:27:17";84.1;11.7
"2013-04-26";"22:27:11";88;11.8
"2013-04-26";"22:27:06";87.9;11.8
"2013-04-26";"22:26:55";84;11.8
"2013-04-26";"22:26:49";87.7;11.8
"2013-04-26";"22:26:44";83.9;11.8
"2013-04-26";"22:26:38";83.8;11.8
"2013-04-26";"22:26:32";83.6;11.8
"2013-04-26";"22:26:27";83.4;11.8
"2013-04-26";"22:26:21";83.3;11.8
"2013-04-26";"22:26:16";87.4;11.9
"2013-04-26";"22:26:15";83.2;11.8
"2013-04-26";"22:26:10";83;11.8
"2013-04-26";"22:26:04";82.9;11.8
"2013-04-26";"22:25:59";82.8;11.8
"2013-04-26";"22:25:53";82.6;11.8
"2013-04-26";"22:25:47";82.2;11.8
"2013-04-26";"22:25:42";82.1;11.8
"2013-04-26";"22:25:36";82;11.8
"2013-04-26";"22:25:31";87.1;11.9
"2013-04-26";"22:25:25";81.9;11.8
"2013-04-26";"22:25:19";86.9;11.9
"2013-04-26";"22:25:14";81.8;11.8
"2013-04-26";"22:25:08";81.5;11.8
"2013-04-26";"22:25:02";81.4;11.8
"2013-04-26";"22:24:57";81.2;11.8
"2013-04-26";"22:24:51";81.1;11.8
"2013-04-26";"22:24:40";86.6;11.9
"2013-04-26";"22:24:35";93.9;12.6
"2013-04-26";"22:24:29";86.5;11.9
"2013-04-26";"22:24:24";93.6;12.6
"2013-04-26";"22:24:23";81;11.8
"2013-04-26";"22:24:18";80.8;11.8
"2013-04-26";"22:24:12";80.7;11.8
"2013-04-26";"22:24:07";80.5;11.8
"2013-04-26";"22:24:01";86.3;11.9
"2013-04-26";"22:23:50";80.4;11.8
"2013-04-26";"22:23:39";80.5;11.8
"2013-04-26";"22:23:34";93.2;12.7
"2013-04-26";"22:23:33";80.6;11.8
"2013-04-26";"22:23:28";80.7;11.8
"2013-04-26";"22:23:22";93.5;12.7
"2013-04-26";"22:23:17";80.8;11.8
"2013-04-26";"22:23:11";80.4;11.8
"2013-04-26";"22:23:06";;
"2013-04-26";"22:23:05";80.1;11.8
"2013-04-26";"22:22:54";79.9;11.8
"2013-04-26";"22:22:44";93.7;12.7
"2013-04-26";"22:22:43";79.8;11.8
"2013-04-26";"22:22:33";93.8;12.7
"2013-04-26";"22:22:32";79.6;11.8
"2013-04-26";"22:22:27";79.7;11.8
"2013-04-26";"22:22:21";79.7;11.9
"2013-04-26";"22:22:16";93.6;12.7
"2013-04-26";"22:22:15";79.4;11.9
"2013-04-26";"22:22:10";79.2;11.9
"2013-04-26";"22:22:04";79;11.9
"2013-04-26";"22:21:59";78.8;11.9
"2013-04-26";"22:21:53";78.7;11.9
"2013-04-26";"22:21:48";93.8;12.8
"2013-04-26";"22:21:47";85.8;12.1
"2013-04-26";"22:21:42";78.6;11.9
"2013-04-26";"22:21:36";78.5;11.9
"2013-04-26";"22:21:31";78.4;11.9
"2013-04-26";"22:21:25";85.7;12.1
"2013-04-26";"22:21:20";78.5;11.9
"2013-04-26";"22:21:14";78.3;11.9
"2013-04-26";"22:21:09";94;12.8
"2013-04-26";"22:21:08";78;11.9
"2013-04-26";"22:21:03";77.8;11.9
"2013-04-26";"22:20:57";77.7;12
"2013-04-26";"22:20:41";85.6;12.2
"2013-04-26";"22:20:30";77.5;12
"2013-04-26";"22:20:24";77.3;12
"2013-04-26";"22:20:19";93.5;12.8
"2013-04-26";"22:20:18";77.2;12
"2013-04-26";"22:20:13";93.4;12.9
"2013-04-26";"22:20:07";77.1;12
"2013-04-26";"22:20:02";85.7;12.2
"2013-04-26";"21:59:46";77.4;13.2
"2013-04-26";"21:59:40";77.5;13.2
"2013-04-26";"21:59:34";77.7;13.2
"2013-04-26";"21:59:29";78.1;13.2
"2013-04-26";"21:59:13";92.3;13.1
"2013-04-26";"21:59:07";78.2;13.3
"2013-04-26";"21:59:01";78.3;13.3
"2013-04-26";"21:58:56";78.4;13.3
"2013-04-26";"21:58:50";78.7;13.3
"2013-04-26";"21:58:45";79.3;13.3
"2013-04-26";"21:58:40";;
"2013-04-26";"21:58:39";80.1;13.3
"2013-04-26";"21:58:34";80.4;13.3
"2013-04-26";"21:58:28";80.6;13.3
"2013-04-26";"21:58:22";80.8;13.3
"2013-04-26";"21:58:17";80.7;13.3
"2013-04-26";"21:58:11";80.3;13.3
"2013-04-26";"21:58:00";94.8;13.9
"2013-04-26";"21:57:55";80.2;13.3
"2013-04-26";"21:57:33";80.3;13.3
"2013-04-26";"21:57:27";80.2;13.3
"2013-04-26";"21:57:21";80.1;13.3
"2013-04-26";"21:57:16";80;13.3
"2013-04-26";"21:57:10";79.7;13.3
"2013-04-26";"21:57:05";79.5;13.3
"2013-04-26";"21:56:59";79.4;13.3
"2013-04-26";"21:56:43";79.3;13.3
"2013-04-26";"21:56:37";79.8;13.3
"2013-04-26";"21:56:32";80.6;13.4
"2013-04-26";"21:56:26";81.3;13.4
"2013-04-26";"21:56:20";81.8;13.4
"2013-04-26";"21:56:15";82.5;13.4
"2013-04-26";"21:55:59";94.8;14
"2013-04-26";"21:55:53";83;13.4
"2013-04-26";"21:55:47";83.2;13.4
"2013-04-26";"21:55:42";83.6;13.4
"2013-04-26";"21:55:31";92.4;13.5
"2013-04-26";"21:55:25";83.7;13.4
"2013-04-26";"21:55:20";83.9;13.5
"2013-04-26";"21:55:14";84.6;13.5
"2013-04-26";"21:55:08";86.4;13.5
"2013-04-26";"21:54:47";86.7;13.5
"2013-04-26";"21:53:36";94.8;14.1
"2013-04-26";"21:51:19";92.4;13.6
"2013-04-26";"21:50:30";86.7;13.6
"2013-04-26";"21:50:03";86.7;13.5
"2013-04-26";"21:32:46";86.7;13.6
"2013-04-26";"21:32:02";94.8;14.2
"2013-04-26";"21:31:24";92.4;13.7
"2013-04-26";"21:27:40";86.7;13.6
"2013-04-26";"21:27:02";94.8;14.2
"2013-04-26";"21:26:18";92.4;13.7
"2013-04-26";"21:04:29";86.7;13.6
"2013-04-26";"21:03:18";94.8;14.3
"2013-04-26";"21:02:51";94.9;14.3
"2013-04-26";"21:02:40";92.4;13.9
"2013-04-26";"21:02:34";92.4;14
"2013-04-26";"21:02:29";92.4;13.9
"2013-04-26";"21:01:12";94.9;14.4
"2013-04-26";"21:00:50";92.4;14
"2013-04-26";"20:59:28";86.7;13.6
"2013-04-26";"20:59:06";92.4;13.9
"2013-04-26";"20:56:34";86.7;13.7
"2013-04-26";"20:56:12";94.9;14.4
"2013-04-26";"20:55:28";92.4;14
"2013-04-26";"20:51:34";86.7;13.7
"2013-04-26";"20:51:12";94.9;14.4
"2013-04-26";"20:50:28";92.4;14
"2013-04-26";"20:47:44";86.7;13.8
"2013-04-26";"20:46:55";94.9;14.5
"2013-04-26";"20:46:22";92.4;14.1
"2013-04-26";"20:45:39";86.7;13.7
"2013-04-26";"20:39:44";86.7;13.7
"2013-04-26";"20:39:33";94.9;14.6
"2013-04-26";"20:37:05";86.7;13.8
"2013-04-26";"20:36:11";92.5;14.2
"2013-04-26";"20:35:38";92.5;14.1
"2013-04-26";"20:35:33";92.5;14.2
"2013-04-26";"20:35:27";92.5;14.1
"2013-04-26";"20:35:16";92.5;14.2
"2013-04-26";"20:35:11";92.5;14.1
"2013-04-26";"20:35:05";92.5;14.2
"2013-04-26";"20:35:00";92.5;14.1
"2013-04-26";"20:29:54";86.7;13.9
"2013-04-26";"20:27:38";94.9;14.7
"2013-04-26";"20:27:32";92.5;14.2
"2013-04-26";"20:27:27";92.5;14.3
"2013-04-26";"20:27:21";92.5;14.2
"2013-04-26";"20:26:48";92.5;14.3
"2013-04-26";"20:25:48";94.9;14.8
"2013-04-26";"20:24:54";86.7;13.9
"2013-04-26";"20:22:43";94.9;14.7
"2013-04-26";"20:21:54";92.5;14.2
"2013-04-26";"20:21:27";94.9;14.8
"2013-04-26";"20:19:54";86.7;13.9
"2013-04-26";"20:19:10";92.5;14.3
"2013-04-26";"20:16:21";94.9;14.8
"2013-04-26";"20:14:48";86.7;13.9
"2013-04-26";"20:14:10";92.5;14.3
"2013-04-26";"20:12:43";86.7;14
"2013-04-26";"20:11:59";94.9;14.7
"2013-04-26";"19:39:42";86.7;14.3
"2013-04-26";"19:38:37";94.9;15
"2013-04-26";"19:37:20";86.7;14.4
"2013-04-26";"19:35:53";92.5;14.6
"2013-04-26";"18:58:18";86.7;14.3
"2013-04-26";"18:58:12";92.6;14.7
"2013-04-26";"18:57:18";92.6;14.8
"2013-04-26";"18:56:34";95;15.2
"2013-04-26";"18:34:54";86.8;14.6
"2013-04-26";"18:34:32";95;15.4
"2013-04-26";"18:32:59";92.6;15
"2013-04-26";"18:30:32";92.6;15.1
"2013-04-26";"18:30:21";86.8;14.7
"2013-04-26";"18:30:15";86.8;14.8
"2013-04-26";"18:30:10";86.8;14.7
"2013-04-26";"18:29:59";86.8;14.8
"2013-04-26";"18:29:53";86.8;14.7
"2013-04-26";"18:29:37";95;15.5
"2013-04-26";"18:28:04";92.6;15.2
"2013-04-26";"18:26:15";95;15.6
"2013-04-26";"18:25:26";86.8;14.8
"2013-04-26";"18:24:42";86.7;14.8
"2013-04-26";"18:24:15";95;15.7
"2013-04-26";"18:23:47";86.8;14.8
"2013-04-26";"18:23:09";86.8;14.9
"2013-04-26";"18:23:04";92.6;15.2
"2013-04-26";"17:39:55";84.4;15.8
"2013-04-26";"17:39:49";84.3;15.8
"2013-04-26";"17:39:44";92.6;16.8
"2013-04-26";"17:39:38";84.2;15.8
"2013-04-26";"17:39:32";84.1;15.8
"2013-04-26";"17:39:27";83.9;15.9
"2013-04-26";"17:39:21";83.8;15.9
"2013-04-26";"17:39:16";92.5;16.8
"2013-04-26";"17:39:15";86.8;16.2
"2013-04-26";"17:39:10";86.6;16.2
"2013-04-26";"17:39:04";86.5;16.2
"2013-04-26";"17:38:59";86.3;16.2
"2013-04-26";"17:38:58";83.9;15.9
"2013-04-26";"17:38:53";83.6;15.9
"2013-04-26";"17:38:47";86;16.3
"2013-04-26";"17:38:42";85.8;16.3
"2013-04-26";"17:38:41";83.7;15.9
"2013-04-26";"17:38:36";85.7;16.3
"2013-04-26";"17:38:30";83.8;15.9
"2013-04-26";"17:38:25";85.4;16.3
"2013-04-26";"17:38:24";83.7;16
"2013-04-26";"17:38:19";83.6;16
"2013-04-26";"17:38:13";83.9;16
"2013-04-26";"17:38:08";84;16
"2013-04-26";"17:38:02";84.1;16
"2013-04-26";"17:37:56";84.2;16
"2013-04-26";"17:37:51";91.4;16.9
"2013-04-26";"17:37:45";84.3;16
"2013-04-26";"17:37:40";91.6;17
"2013-04-26";"17:37:39";84.2;16
"2013-04-26";"17:37:34";83.9;16
"2013-04-26";"17:37:28";83.8;16
"2013-04-26";"17:37:23";84.9;16.4
"2013-04-26";"17:37:17";83.7;16
"2013-04-26";"17:37:12";92;17
"2013-04-26";"17:37:06";83.6;16
"2013-04-26";"17:37:01";91.7;17
"2013-04-26";"17:37:00";83.5;16.1
"2013-04-26";"17:36:55";83.3;16.1
"2013-04-26";"17:36:49";83.1;16.1
"2013-04-26";"17:36:44";84.8;16.4
"2013-04-26";"17:36:27";91.3;17
"2013-04-26";"17:36:22";91.4;17
"2013-04-26";"17:36:11";83;16.1
"2013-04-26";"17:36:05";82.9;16.1
"2013-04-26";"17:36:00";91.4;17.1
"2013-04-26";"17:35:59";82.7;16.1
"2013-04-26";"17:35:54";82.4;16.1
"2013-04-26";"17:35:48";82.3;16.1
"2013-04-26";"17:35:43";91;17.1
"2013-04-26";"17:35:42";82.1;16.2
"2013-04-26";"17:35:37";90.9;17.1
"2013-04-26";"17:35:32";90.7;17.1
"2013-04-26";"17:35:31";84.8;16.6
"2013-04-26";"17:35:26";81.9;16.2
"2013-04-26";"17:35:20";81.8;16.2
"2013-04-26";"17:35:15";90;17.1
"2013-04-26";"17:35:14";81.4;16.2
"2013-04-26";"17:35:09";81.3;16.2
"2013-04-26";"17:35:03";81.2;16.2
"2013-04-26";"17:33:56";;
"2013-04-26";"17:33:33";;
"2013-04-26";"17:32:43";;
"2013-04-26";"17:29:48";77.9;16.5
"2013-04-26";"17:29:43";77.8;16.5
"2013-04-26";"17:29:32";77.4;16.5
"2013-04-26";"17:29:26";77.3;16.5
"2013-04-26";"17:29:15";77.2;16.5
"2013-04-26";"17:29:10";77.4;16.5
"2013-04-26";"17:29:04";77.5;16.5
"2013-04-26";"17:28:58";81.5;16.9
"2013-04-26";"17:28:53";77.6;16.5
"2013-04-26";"17:28:47";77.8;16.5
"2013-04-26";"17:28:42";86.4;18
"2013-04-26";"17:28:36";77.9;16.5
"2013-04-26";"17:28:30";77.8;16.6
"2013-04-26";"17:28:25";81.7;17
"2013-04-26";"17:28:19";77.4;16.6
"2013-04-26";"17:28:14";85.5;18.1
"2013-04-26";"17:28:13";77.7;16.6
"2013-04-26";"17:28:08";77.5;16.6
"2013-04-26";"17:28:02";77.2;16.6
"2013-04-26";"17:27:57";85;18.1
"2013-04-26";"17:27:56";77.3;16.6
"2013-04-26";"17:27:51";77.6;16.6
"2013-04-26";"17:27:45";77.7;16.6
"2013-04-26";"17:27:40";77.6;16.6
"2013-04-26";"17:27:34";84.8;18.1
"2013-04-26";"17:27:29";84.8;18.2
"2013-04-26";"17:27:28";77.5;16.6
"2013-04-26";"17:27:23";77.3;16.6
"2013-04-26";"17:27:17";81.7;17
"2013-04-26";"17:27:12";81.6;17
"2013-04-26";"17:27:06";81.4;17
"2013-04-26";"17:27:01";85;18.2
"2013-04-26";"17:27:00";77.2;16.6
"2013-04-26";"17:26:55";77.4;16.6
"2013-04-26";"17:26:49";77.6;16.6
"2013-04-26";"17:26:44";77.7;16.6
"2013-04-26";"17:26:38";77.5;16.6
"2013-04-26";"17:26:32";77.1;16.6
"2013-04-26";"17:26:27";81.6;17.1
"2013-04-26";"17:26:21";77;16.6
"2013-04-26";"17:26:15";77.1;16.6
"2013-04-26";"17:26:10";84.3;18.2
"2013-04-26";"17:26:04";77.2;16.6
"2013-04-26";"17:25:59";77.1;16.6
"2013-04-26";"17:25:53";76.9;16.7
"2013-04-26";"17:25:47";76.7;16.7
"2013-04-26";"17:25:42";76.8;16.7
"2013-04-26";"17:25:36";77.2;16.7
"2013-04-26";"17:25:30";82.2;17.1
"2013-04-26";"17:25:25";77.1;16.7
"2013-04-26";"17:25:19";77.3;16.7
"2013-04-26";"17:25:14";83.9;18.3
"2013-04-26";"17:25:08";77.6;16.7
"2013-04-26";"16:37:35";;
"2013-04-26";"16:37:29";;
"2013-04-26";"16:37:12";;
"2013-04-26";"16:23:28";;
"2013-04-26";"16:23:17";;
"2013-04-26";"16:21:16";;
"2013-04-26";"16:05:37";;
"2013-04-26";"16:03:55";;
"2013-04-26";"16:03:32";;
"2013-04-26";"16:01:09";;
"2013-04-26";"16:00:58";;
"2013-04-26";"16:00:52";;
"2013-04-26";"15:59:04";;
"2013-04-26";"15:58:25";;
"2013-04-26";"15:58:01";;
"2013-04-26";"15:56:30";;
"2013-04-26";"15:56:12";;
"2013-04-26";"15:53:39";;
"2013-04-26";"15:53:10";;
"2013-04-26";"15:53:04";;
"2013-04-26";"15:50:13";;
"2013-04-26";"15:49:56";48.9;24
"2013-04-26";"15:49:50";48.1;24
"2013-04-26";"15:49:45";60.6;24
"2013-04-26";"15:49:44";48.2;24.1
"2013-04-26";"15:49:39";47.8;24.1
"2013-04-26";"15:49:33";47.9;24.1
"2013-04-26";"15:49:27";48.3;24.1
"2013-04-26";"15:49:22";61.5;24
"2013-04-26";"15:49:21";48.7;24.1
"2013-04-26";"15:49:16";48.6;24.1
"2013-04-26";"15:49:10";49.1;24.1
"2013-04-26";"15:49:05";56.5;24.7
"2013-04-26";"15:49:04";48.7;24.1
"2013-04-26";"15:48:59";48.9;24.1
"2013-04-26";"15:48:54";;
"2013-04-26";"15:48:53";49.4;24
"2013-04-26";"15:48:48";55.5;24.6
"2013-04-26";"15:48:42";50.8;24
"2013-04-26";"15:48:36";51.1;23.9
"2013-04-26";"15:48:31";62.9;24
"2013-04-26";"15:48:30";50.4;23.9
"2013-04-26";"15:48:25";57.5;24.6
"2013-04-26";"15:48:19";50.5;23.9
"2013-04-26";"15:48:14";;
"2013-04-26";"15:48:13";50;23.8
"2013-04-26";"15:48:08";49.6;23.8
"2013-04-26";"15:48:02";49.5;23.8
"2013-04-26";"15:47:57";;
"2013-04-26";"15:47:56";50;23.7
"2013-04-26";"15:47:51";57.4;24.5
"2013-04-26";"15:47:50";50.3;23.7
"2013-04-26";"15:47:45";51.3;23.7
"2013-04-26";"15:47:39";51.1;23.7
"2013-04-26";"15:47:34";67.5;23.8
"2013-04-26";"15:47:33";51.1;23.6
"2013-04-26";"15:47:28";51;23.6
"2013-04-26";"15:47:22";50.6;23.6
"2013-04-26";"15:47:16";50.7;23.5
"2013-04-26";"15:47:11";57;24.4
"2013-04-26";"15:47:05";50.8;23.5
"2013-04-26";"15:46:59";51.7;23.5
"2013-04-26";"15:46:54";58.2;24.4
"2013-04-26";"15:46:53";51.4;23.4
"2013-04-26";"15:46:48";51.9;23.4
"2013-04-26";"15:46:42";52.1;23.3
"2013-04-26";"15:46:37";62.2;23.6
"2013-04-26";"15:46:36";53.3;23.3
"2013-04-26";"15:46:31";53.1;23.3
"2013-04-26";"14:14:57";58.4;21.9
"2013-04-26";"14:14:51";59.2;21.9
"2013-04-26";"14:14:46";56.2;25.6
"2013-04-26";"14:14:45";58.9;21.9
"2013-04-26";"14:14:40";59.6;21.9
"2013-04-26";"14:14:34";59.5;21.9
"2013-04-26";"14:14:28";59.9;21.9
"2013-04-26";"14:14:23";59.8;21.9
"2013-04-26";"14:14:17";60.2;21.9
"2013-04-26";"14:14:11";60.5;21.9
"2013-04-26";"14:14:06";58.4;25.5
"2013-04-26";"14:14:05";60;22
"2013-04-26";"14:14:00";59.9;22
"2013-04-26";"14:13:54";59.5;22
"2013-04-26";"14:13:49";66.1;25.7
"2013-04-26";"14:13:48";55.8;25.6
"2013-04-26";"14:13:43";58.9;22
"2013-04-26";"14:13:37";58.7;22
"2013-04-26";"14:13:31";58.4;22.1
"2013-04-26";"14:13:26";62.7;25.6
"2013-04-26";"14:13:25";58.5;22.1
"2013-04-26";"14:13:20";58.4;22.1
"2013-04-26";"14:13:14";58.1;22.1
"2013-04-26";"14:13:08";58.2;22.1
"2013-04-26";"14:13:03";63.9;25.5
"2013-04-26";"14:13:02";57.8;22.1
"2013-04-26";"14:12:57";52.7;25.8
"2013-04-26";"14:12:51";53.1;25.8
"2013-04-26";"14:12:46";53.2;25.9
"2013-04-26";"14:12:45";57.7;22.1
"2013-04-26";"14:12:40";58.5;22.1
"2013-04-26";"14:12:34";59.6;22.1
"2013-04-26";"14:12:28";59.1;22.2
"2013-04-26";"14:12:23";57.6;22.2
"2013-04-26";"14:12:17";52.4;26
"2013-04-26";"14:12:12";64.1;25.3
"2013-04-26";"14:12:11";57.7;22.2
"2013-04-26";"14:12:06";57.8;22.2
"2013-04-26";"14:12:00";57.4;22.2
"2013-04-26";"14:11:54";57.7;22.2
"2013-04-26";"14:11:49";62.4;25.2
"2013-04-26";"14:11:48";57.8;22.2
"2013-04-26";"14:11:43";57.7;22.2
"2013-04-26";"14:11:37";57.2;22.2
"2013-04-26";"14:11:31";57.1;22.2
"2013-04-26";"13:37:08";;
"2013-04-26";"13:35:13";;
"2013-04-26";"13:35:07";;
"2013-04-26";"13:34:56";;
"2013-04-26";"13:34:44";;
"2013-04-26";"13:33:52";;
"2013-04-26";"13:31:23";;
"2013-04-26";"13:30:20";;
"2013-04-26";"13:29:28";;
"2013-04-26";"13:29:16";;
"2013-04-26";"13:28:13";;
"2013-04-26";"13:26:53";;
"2013-04-26";"13:26:07";;
"2013-04-26";"13:25:55";;
"2013-04-26";"13:25:03";;
"2013-04-26";"13:24:29";;
"2013-04-26";"13:23:55";;
"2013-04-26";"13:23:32";;
"2013-04-26";"12:59:29";;
"2013-04-26";"12:59:11";;
"2013-04-26";"12:58:25";;
"2013-04-26";"12:56:18";;
"2013-04-26";"12:56:13";;
"2013-04-26";"12:55:38";;
"2013-04-26";"12:55:26";;
"2013-04-26";"12:54:58";;
"2013-04-26";"12:54:06";;
"2013-04-26";"12:54:00";;
"2013-04-26";"12:53:43";;
"2013-04-26";"12:53:26";;
"2013-04-26";"12:53:08";;
"2013-04-26";"12:51:25";;
"2013-04-26";"12:49:12";;
"2013-04-26";"12:48:55";;
"2013-04-26";"12:47:00";;
"2013-04-26";"12:46:49";;
"2013-04-26";"12:46:02";;
"2013-04-26";"12:45:39";;
"2013-04-26";"12:44:48";;
"2013-04-26";"12:43:45";;
"2013-04-26";"12:43:33";;
"2013-04-26";"12:42:42";;
"2013-04-26";"12:42:07";;
"2013-04-26";"12:41:33";;
"2013-04-26";"12:41:09";;
"2013-04-26";"12:40:58";;
"2013-04-26";"12:40:00";;
"2013-04-26";"12:36:51";;
"2013-04-26";"12:35:08";;
"2013-04-26";"12:34:33";;
"2013-04-26";"12:30:56";;
"2013-04-26";"12:30:10";;
"2013-04-26";"12:28:21";;
"2013-04-26";"12:26:09";;
"2013-04-26";"12:21:11";;
"2013-04-26";"12:20:43";;
"2013-04-26";"12:20:31";;
"2013-04-26";"12:16:06";;
"2013-04-26";"12:09:26";;
"2013-04-26";"12:04:34";;
"2013-04-26";"12:04:11";;
"2013-04-26";"12:03:43";;
"2013-04-26";"12:03:31";;
"2013-04-26";"12:01:48";;
"2013-04-26";"12:01:31";;
"2013-04-26";"11:59:02";;
"2013-04-26";"11:58:44";;
"2013-04-26";"11:58:33";;
"2013-04-26";"11:58:21";;
"2013-04-26";"11:57:13";;
"2013-04-26";"11:56:55";;
"2013-04-26";"11:56:21";;
"2013-04-26";"11:56:04";;
"2013-04-26";"11:53:35";;
"2013-04-26";"11:52:20";;
"2013-04-26";"11:52:14";;
"2013-04-26";"11:38:26";;
"2013-04-26";"11:37:51";;
"2013-04-26";"11:37:11";;
"2013-04-26";"11:36:48";;
"2013-04-26";"11:36:43";;
"2013-04-26";"11:35:17";;
"2013-04-26";"11:35:11";;
"2013-04-26";"11:35:00";;
"2013-04-26";"11:33:29";;
"2013-04-26";"11:33:00";;
"2013-04-26";"11:32:49";;
"2013-04-26";"11:32:43";;
"2013-04-26";"11:32:20";;
"2013-04-26";"11:31:29";;
"2013-04-26";"11:30:43";;
"2013-04-26";"11:30:38";;
"2013-04-26";"11:27:19";;
"2013-04-26";"11:27:08";;
"2013-04-26";"11:26:22";;
"2013-04-26";"11:24:56";;
"2013-04-26";"11:24:39";;
"2013-04-26";"11:24:22";;
"2013-04-26";"11:24:10";;
"2013-04-26";"11:23:53";;
"2013-04-26";"11:23:19";;
"2013-04-26";"11:22:10";;
"2013-04-26";"11:21:59";;
"2013-04-26";"11:20:57";;
"2013-04-26";"11:20:28";;
"2013-04-26";"11:19:48";;
"2013-04-26";"11:05:17";;
"2013-04-26";"11:04:42";;
"2013-04-26";"10:45:12";;
"2013-04-26";"10:42:54";;
"2013-04-26";"10:34:47";;
"2013-04-26";"10:25:23";;
"2013-04-26";"10:18:48";;
"2013-04-26";"10:18:37";;
"2013-04-26";"10:17:51";;
"2013-04-26";"10:17:34";;
"2013-04-26";"10:09:53";;
"2013-04-26";"10:09:42";;
"2013-04-26";"10:06:40";;
"2013-04-26";"10:01:39";;
"2013-04-26";"09:50:42";;
"2013-04-26";"09:50:31";;
"2013-04-26";"09:50:20";;
"2013-04-26";"09:23:43";;
